ind,ozone,dzone,obs,dbs
46,1,1,506,1694
55,1,1,1677,215
64,1,1,1678,1
99,1,1,380,1678
116,1,1,1677,506
117,1,1,506,1695
131,1,1,506,1695
139,1,1,506,1695
157,1,1,1678,215
231,1,2,380,295
247,1,2,1,357
268,1,2,506,353
272,1,2,215,347
309,1,3,380,360
368,1,4,1695,382
436,1,5,1,1682
457,1,5,1694,1343
486,1,5,1677,1343
515,1,5,1694,1343
528,1,5,215,1682
529,1,5,506,1345
546,1,5,215,1345
576,1,6,1694,7
607,1,6,1678,5
642,1,6,506,20
645,1,6,215,20
649,1,6,376,17
658,1,6,376,1630
676,1,6,1677,27
721,1,7,1694,65
741,1,7,506,3
759,1,7,376,310
777,1,7,1695,32
842,1,8,376,386
857,1,8,1677,1700
869,1,8,215,946
888,1,8,1677,1675
969,1,8,215,1702
1002,1,8,380,388
1055,1,8,1695,947
1061,1,8,506,369
1062,1,8,376,1700
1069,1,8,1695,1699
1072,1,8,1678,366
1078,1,8,1694,368
1147,1,8,1695,1701
1179,1,8,215,364
1186,1,8,215,1675
1190,1,8,1694,370
1266,1,8,1694,1676
1290,1,8,1677,386
1306,1,8,1678,1696
1307,1,8,506,368
1346,1,8,1,388
1367,1,8,215,363
1411,1,8,1678,946
1431,1,8,1695,864
1442,1,8,1695,1675
1445,1,8,1,1673
1458,1,8,215,862
1473,1,8,380,386
1492,1,8,376,370
1533,1,8,1677,367
1572,1,8,376,391
1601,1,8,1694,1697
1607,1,8,376,946
1616,1,8,376,1696
1624,1,8,1695,1674
1630,1,8,506,1270
1644,1,8,506,1701
1656,1,9,1678,1339
1669,1,9,1677,144
1751,1,9,380,1162
1757,1,9,380,177
1792,1,9,1694,1338
1805,1,9,1694,1339
1834,1,9,1695,1268
1896,1,9,1,1180
1902,1,9,1677,1337
1968,1,9,1678,164
1971,1,9,215,163
1989,1,9,506,164
2000,1,9,506,163
2016,1,9,1677,163
2040,1,9,1677,163
2044,1,9,1,1341
2056,1,9,1694,1332
2079,1,9,1695,1336
2082,1,9,506,1334
2143,1,9,1678,1160
2160,1,9,1694,1340
2176,1,9,1695,1341
2191,1,9,1,1338
2273,1,10,1677,314
2294,1,10,1677,143
2342,1,10,1694,13
2349,1,10,1,1181
2356,1,10,1678,1576
2463,1,10,1,161
2479,1,10,380,315
2482,1,10,376,1576
2487,1,10,215,319
2492,1,10,376,139
2527,1,10,1,1628
2536,1,10,506,179
2555,1,10,1694,1269
2573,1,10,380,1629
2581,1,10,1,13
2611,1,10,1678,115
2630,1,11,506,224
2672,1,11,1695,257
2678,1,11,380,950
2685,1,11,1678,952
2696,1,11,506,223
2699,1,11,215,990
2732,1,11,1678,505
2738,1,11,506,949
2748,1,11,1678,950
2763,1,11,1694,221
2793,1,11,380,991
2809,1,11,215,221
2884,1,11,506,216
2887,1,11,506,222
2924,1,11,380,257
2948,1,11,1694,984
2954,1,11,376,256
2961,1,11,215,26
2963,1,11,1,1578
2969,1,11,380,221
2986,1,11,376,989
2988,1,11,380,1578
3020,1,11,1695,225
3046,1,11,380,949
3061,1,11,380,256
3062,1,11,1694,224
3088,1,11,506,226
3095,1,11,215,990
3104,1,11,215,221
3106,1,11,1677,216
3114,1,11,1694,223
3142,1,11,1677,226
3149,1,11,215,986
3174,1,11,506,26
3203,1,11,215,224
3206,1,11,1695,255
3216,1,11,506,26
3219,1,11,506,951
3237,1,12,380,61
3254,1,12,506,1720
3300,1,12,380,39
3316,1,12,376,61
3318,1,12,1,1715
3338,1,12,1695,1720
3339,1,13,506,508
3349,1,13,215,85
3362,1,15,1695,944
3381,1,15,1678,865
3396,1,16,506,284
3416,1,16,215,271
3438,1,16,215,776
3445,1,16,506,284
3446,1,16,1,275
3463,1,16,376,858
3464,1,16,1694,858
3473,1,16,1,775
3483,1,16,380,280
3489,1,16,1,856
3542,1,16,1677,273
3547,1,16,1677,267
3559,1,16,1678,267
3572,1,16,1677,267
3589,1,16,1695,267
3604,1,16,380,267
3610,1,18,1677,1579
3623,1,18,1694,218
3657,1,19,1694,1512
3661,1,19,380,243
3662,1,19,1695,1513
3669,1,19,380,246
3677,1,19,376,1512
3727,1,20,380,80
3731,1,20,376,510
3745,1,20,380,539
3749,1,20,506,539
3804,1,21,1,1646
3810,1,21,1,41
3821,1,21,215,399
3924,1,21,1677,1649
3926,1,21,1694,58
3944,1,21,1677,982
3945,1,21,506,1656
3997,1,21,1677,44
4014,1,21,1694,1650
4035,1,21,376,43
4036,1,21,380,400
4067,1,21,1694,1647
4162,1,21,215,57
4175,1,21,1694,57
4199,1,21,1678,1653
4212,1,21,506,1646
4217,1,21,380,56
4224,1,21,1677,56
4232,1,21,380,41
4257,1,21,506,981
4310,1,21,1678,953
4326,1,21,380,1654
4328,1,21,506,956
4364,1,21,1695,55
4384,1,21,1694,399
4388,1,21,1695,1654
4447,1,21,1677,398
4477,1,21,506,1653
4533,1,21,376,1649
4567,1,21,380,983
4603,1,21,506,1648
4607,1,21,1695,981
4634,1,21,1695,983
4642,1,21,1,57
4705,1,21,1,400
4724,1,21,215,55
4740,1,21,215,57
4799,1,21,380,1648
4805,1,21,215,41
4814,1,21,1695,41
4847,1,21,1,57
4850,1,21,380,56
4876,1,21,1678,981
4878,1,21,1677,1653
4893,1,21,1677,981
4951,1,21,1677,1650
4956,1,21,1,58
4959,1,21,380,399
4969,1,21,215,1646
4998,1,21,506,58
5045,1,21,506,954
5049,1,21,506,56
5058,1,21,1695,398
5066,1,21,215,954
5067,1,21,1694,1646
5070,1,21,215,954
5075,1,21,380,954
5103,1,21,376,44
5133,1,21,1677,398
5139,1,21,1677,1649
5159,1,21,1,1655
5212,1,22,215,253
5218,1,22,380,49
5222,1,22,376,501
5255,1,22,1678,250
5261,1,22,1,468
5288,1,22,1694,229
5292,1,22,1,502
5296,1,22,1695,501
5311,1,22,506,51
5317,1,22,1678,228
5325,1,22,376,51
5329,1,22,215,466
5334,1,22,376,230
5336,1,22,1677,250
5338,1,22,1677,227
5345,1,22,1,465
5362,1,22,1677,251
5426,1,22,376,467
5427,1,22,1677,502
5442,1,22,506,228
5460,1,22,1694,250
5507,1,22,215,251
5508,1,22,1,231
5543,1,22,1677,251
5548,1,22,1694,502
5569,1,22,1678,501
5593,1,22,1695,228
5605,1,22,1,466
5692,1,22,215,51
5700,1,22,1677,252
5711,1,22,1678,251
5736,1,22,376,250
5742,1,22,1694,231
5749,1,22,215,48
5780,1,22,215,253
5792,1,22,1,502
5855,1,22,506,502
5858,1,22,1694,254
5912,1,22,1677,231
5920,1,22,376,467
5932,1,23,1,964
5933,1,23,1678,160
5963,1,23,1695,157
5996,1,23,1677,181
6038,1,23,380,47
6062,1,23,1677,53
6075,1,23,1677,741
6080,1,23,1678,47
6131,1,23,1,156
6150,1,23,215,741
6158,1,23,1695,186
6166,1,23,376,770
6205,1,23,1695,186
6224,1,23,1695,158
6239,1,23,1,52
6251,1,23,1678,46
6255,1,23,376,770
6278,1,23,1694,47
6317,1,23,215,46
6339,1,23,1,1651
6345,1,23,1678,181
6346,1,23,1,1651
6373,1,23,1,157
6374,1,23,1695,156
6380,1,23,1,1652
6382,1,23,506,183
6399,1,23,1694,186
6402,1,23,1678,157
6411,1,23,215,154
6425,1,23,1694,158
6446,1,23,380,155
6452,1,23,215,47
6514,1,23,1695,159
6515,1,23,376,767
6538,1,23,380,45
6554,1,23,376,1651
6559,1,23,376,740
6577,1,23,1677,155
6624,1,23,1677,184
6634,1,23,1677,155
6654,1,23,1,158
6676,1,23,380,181
6686,1,23,1678,1651
6698,1,23,1,156
6702,1,23,1695,52
6744,1,23,376,184
6772,1,23,376,157
6798,1,23,380,53
6804,1,23,376,160
6819,1,23,1695,157
6838,1,23,1,154
6840,1,23,1,181
6897,1,23,1,1652
6906,1,23,1694,53
6935,1,23,376,156
6943,1,23,1694,1652
6944,1,23,1694,156
7028,1,23,1678,157
7042,1,23,1,188
7063,1,24,376,1670
7080,1,24,506,1669
7086,1,24,1694,1668
7138,1,24,376,1667
7149,1,24,376,1667
7199,1,24,1,459
7247,1,24,506,1664
7276,1,24,506,460
7304,1,24,1695,1663
7316,1,24,380,1667
7323,1,24,1694,1661
7328,1,24,1677,1669
7329,1,24,376,1668
7335,1,24,506,1661
7356,1,24,380,412
7410,1,24,506,460
7413,1,24,1695,1718
7414,1,24,506,1670
7439,1,24,1695,1670
7441,1,24,1677,1667
7448,1,24,380,410
7451,1,24,1678,411
7458,1,24,376,1668
7466,1,24,1695,1664
7486,1,24,1678,1666
7598,1,24,376,1669
7602,1,25,1695,332
7605,1,25,1,101
7612,1,25,1678,334
7619,1,25,1677,333
7621,1,25,215,98
7622,1,25,1677,332
7650,1,25,215,68
7653,1,25,1,334
7665,1,25,1695,334
7686,1,25,1678,331
7717,1,25,1694,298
7724,1,25,376,404
7801,1,25,215,101
7802,1,25,1,332
7814,1,25,506,301
7826,1,25,1677,331
7830,1,25,1,335
7840,1,25,506,101
7845,1,25,506,300
7855,1,25,506,67
7875,1,25,380,378
7909,1,25,215,404
7925,1,25,1,69
7929,1,25,376,68
7983,1,25,1694,71
7986,1,25,1,332
7987,1,25,1695,100
8006,1,25,215,335
8036,1,25,376,332
8046,1,25,380,335
8061,1,25,506,70
8067,1,25,1677,334
8091,1,26,1,75
8107,1,26,1677,304
8109,1,26,215,96
8150,1,26,1677,77
8152,1,26,1677,73
8206,1,26,1677,305
8245,1,26,215,377
8256,1,26,215,96
8283,1,26,1695,75
8323,1,26,506,379
8324,1,26,506,329
8335,1,26,1678,76
8395,1,26,1695,92
8444,1,26,506,74
8461,1,26,1677,377
8481,1,26,1694,377
8515,1,26,215,97
8526,1,26,1677,328
8536,1,26,1677,329
8561,1,26,1695,377
8605,1,26,1,92
8608,1,26,506,328
8692,1,26,1695,77
8710,1,26,1678,327
8744,1,26,1,74
8776,1,26,1678,329
8784,1,26,1694,74
8802,1,26,1678,377
8813,1,26,1695,74
8834,1,26,1695,94
8836,1,26,380,92
8837,1,26,1695,72
8902,1,27,506,1717
8917,1,27,1677,59
8929,1,27,1678,409
8946,1,27,376,1659
8956,1,27,376,193
8968,1,27,1695,461
8969,1,27,1695,192
8983,1,27,380,40
8989,1,27,380,208
9015,1,27,380,1672
9021,1,27,1,195
9040,1,27,380,40
9058,1,27,1695,396
9060,1,27,1695,464
9063,1,27,1678,396
9089,1,27,506,408
9162,1,27,1694,406
9176,1,27,380,198
9217,1,27,376,203
9247,2,1,1691,380
9266,2,1,1680,376
9268,2,1,344,506
9270,2,1,346,1678
9296,2,1,355,506
9297,2,1,354,1694
9303,2,1,343,215
9330,2,1,261,1677
9349,2,1,1681,1678
9354,2,1,354,506
9381,2,1,261,1695
9385,2,2,1680,295
9394,2,2,354,772
9402,2,2,1679,295
9429,2,2,1680,772
9430,2,2,357,1693
9448,2,2,261,344
9469,2,2,1679,772
9492,2,2,344,772
9530,2,3,772,362
9537,2,3,261,339
9541,2,3,354,361
9565,2,4,1692,382
9569,2,4,347,507
9571,2,4,344,374
9578,2,4,353,374
9584,2,4,1693,375
9599,2,5,261,1330
9600,2,5,344,1329
9647,2,5,356,1331
9664,2,5,295,1345
9669,2,5,357,1331
9696,2,5,357,1690
9743,2,6,1692,948
9758,2,6,1693,7
9779,2,6,1679,18
9793,2,6,1681,619
9798,2,6,347,336
9807,2,6,344,7
9837,2,6,861,322
9867,2,7,345,31
9872,2,7,861,310
9891,2,7,356,65
9904,2,7,346,2
9905,2,7,861,1712
9911,2,7,356,3
9934,2,7,343,1713
9956,2,7,1693,310
9962,2,7,356,1712
9987,2,8,353,1702
10025,2,8,343,367
10031,2,8,343,1675
10116,2,8,1692,1327
10121,2,8,1693,370
10154,2,8,861,1676
10159,2,8,1693,1327
10160,2,8,861,388
10212,2,8,356,1699
10216,2,8,1681,1697
10220,2,8,1693,389
10258,2,8,353,369
10328,2,8,354,862
10358,2,8,261,1675
10360,2,8,1692,368
10377,2,8,1691,1697
10415,2,8,345,1701
10454,2,8,345,1674
10488,2,8,1680,365
10497,2,8,1692,368
10498,2,8,1680,862
10509,2,8,354,363
10511,2,8,347,1703
10552,2,8,347,369
10559,2,8,343,364
10624,2,8,343,391
10637,2,8,357,363
10645,2,8,1692,389
10655,2,8,861,1701
10664,2,8,861,1675
10713,2,9,344,177
10777,2,9,357,1333
10784,2,9,861,1183
10826,2,9,1680,1183
10895,2,9,357,1333
10902,2,9,861,176
10935,2,9,1693,1180
11000,2,9,1692,1337
11009,2,9,1693,1162
11062,2,9,295,1268
11065,2,9,1681,164
11076,2,9,343,1340
11103,2,9,356,1335
11133,2,9,1681,1183
11168,2,9,353,1338
11174,2,9,353,1335
11182,2,9,344,163
11244,2,10,356,314
11245,2,10,347,1181
11296,2,10,861,116
11321,2,10,1679,1577
11337,2,10,353,142
11393,2,10,1679,161
11424,2,10,357,112
11450,2,10,344,162
11464,2,10,772,138
11498,2,10,343,1575
11532,2,11,345,949
11564,2,11,345,991
11582,2,11,345,1626
11593,2,11,346,24
11597,2,11,261,986
11613,2,11,345,225
11649,2,11,347,505
11698,2,11,356,225
11719,2,11,1681,216
11807,2,11,861,257
11828,2,11,861,255
11835,2,11,1691,1626
11836,2,11,344,1626
11871,2,11,346,952
11893,2,11,261,222
11894,2,11,345,989
11914,2,11,1679,949
11922,2,11,355,1578
11933,2,11,357,257
11972,2,11,1692,984
12023,2,11,1692,996
12042,2,11,356,257
12053,2,11,353,950
12064,2,12,1679,39
12065,2,12,295,39
12087,2,12,1679,63
12096,2,12,1681,309
12118,2,12,1679,63
12120,2,12,1680,309
12180,2,15,345,545
12186,2,15,346,944
12207,2,16,356,262
12220,2,16,356,860
12271,2,16,1692,776
12280,2,16,343,290
12315,2,16,861,280
12327,2,16,353,281
12337,2,16,861,267
12344,2,16,356,267
12355,2,16,343,267
12465,2,19,344,247
12469,2,19,353,245
12502,2,20,347,88
12532,2,20,1693,90
12553,2,21,1679,1649
12593,2,21,261,1649
12596,2,21,344,397
12599,2,21,1693,43
12606,2,21,343,399
12644,2,21,346,400
12667,2,21,355,953
12709,2,21,343,983
12725,2,21,355,956
12756,2,21,357,1653
12765,2,21,772,42
12790,2,21,344,1648
12792,2,21,347,41
12793,2,21,861,1654
12798,2,21,1693,58
12799,2,21,772,1646
12812,2,21,1693,56
12822,2,21,1692,1649
12834,2,21,356,55
12867,2,21,1692,982
12871,2,21,261,1654
12881,2,21,355,54
12909,2,21,861,982
12936,2,21,357,58
12938,2,21,1679,398
12967,2,21,356,44
12970,2,21,772,982
12981,2,21,356,956
13050,2,21,343,1653
13073,2,21,347,1656
13076,2,21,295,400
13083,2,21,353,1648
13124,2,21,261,1647
13130,2,21,861,954
13132,2,21,772,1650
13209,2,21,344,400
13214,2,21,344,400
13293,2,21,861,44
13297,2,21,343,980
13308,2,21,261,1650
13309,2,21,355,44
13310,2,21,343,1646
13318,2,21,1679,981
13349,2,21,261,58
13404,2,21,772,399
13439,2,21,295,56
13444,2,21,344,41
13450,2,21,356,54
13553,2,21,261,980
13558,2,21,772,42
13566,2,21,261,400
13586,2,21,357,54
13598,2,21,772,397
13605,2,21,1681,1653
13608,2,21,1693,1648
13610,2,21,345,58
13628,2,21,1691,955
13637,2,21,1679,955
13638,2,21,261,982
13640,2,21,347,955
13643,2,21,354,953
13660,2,21,354,41
13710,2,21,1693,58
13715,2,21,346,43
13716,2,21,345,56
13786,2,22,1693,227
13804,2,22,1680,254
13806,2,22,1679,504
13807,2,22,1681,254
13808,2,22,772,228
13853,2,22,355,231
13919,2,22,355,466
13943,2,22,344,229
13963,2,22,772,49
14025,2,22,355,250
14047,2,22,345,228
14067,2,22,357,466
14082,2,22,1681,228
14086,2,22,345,254
14107,2,22,353,50
14143,2,22,357,502
14146,2,22,861,504
14229,2,22,345,504
14245,2,22,357,51
14266,2,22,1693,501
14271,2,22,344,465
14318,2,22,1679,467
14326,2,22,1691,468
14382,2,22,1693,253
14386,2,22,1693,468
14467,2,23,357,160
14499,2,23,354,160
14502,2,23,345,742
14517,2,23,353,158
14523,2,23,295,155
14525,2,23,295,155
14536,2,23,355,45
14555,2,23,295,1652
14576,2,23,295,46
14593,2,23,346,964
14595,2,23,295,185
14596,2,23,1691,181
14617,2,23,344,769
14681,2,23,1691,158
14683,2,23,1681,186
14684,2,23,772,183
14685,2,23,357,156
14687,2,23,772,185
14720,2,23,347,183
14729,2,23,343,53
14739,2,23,353,187
14745,2,23,345,154
14747,2,23,346,45
14767,2,23,357,154
14793,2,23,1693,159
14825,2,23,357,188
14829,2,23,861,964
14839,2,23,1680,155
14865,2,23,1692,182
14867,2,23,353,766
14887,2,23,347,1651
14923,2,23,1679,45
14946,2,23,1692,769
14970,2,23,295,159
14979,2,23,261,181
14989,2,23,772,767
15006,2,23,354,766
15057,2,23,345,741
15085,2,23,1680,183
15130,2,23,1693,156
15165,2,23,261,740
15167,2,23,1692,768
15172,2,23,1679,770
15202,2,23,1692,181
15209,2,23,353,184
15225,2,23,354,159
15230,2,23,353,52
15248,2,23,861,766
15286,2,23,861,47
15358,2,23,1679,155
15397,2,23,343,53
15402,2,24,861,1718
15414,2,24,261,1718
15432,2,24,1693,411
15442,2,24,1692,411
15464,2,24,295,1718
15465,2,24,772,1718
15466,2,24,347,460
15481,2,24,344,1660
15483,2,24,1692,1662
15514,2,24,343,1661
15526,2,24,356,459
15535,2,24,344,1665
15539,2,24,261,1661
15592,2,24,346,1664
15593,2,24,261,1660
15608,2,24,344,410
15624,2,24,346,1661
15666,2,24,353,1663
15668,2,24,861,1664
15673,2,24,344,1667
15717,2,24,354,1664
15725,2,24,261,1660
15732,2,24,1679,1666
15748,2,24,1679,1666
15752,2,24,355,1670
15816,2,24,356,412
15870,2,24,343,1662
15888,2,25,345,99
15904,2,25,772,101
15932,2,25,346,302
15949,2,25,772,69
15967,2,25,356,69
15991,2,25,344,98
16063,2,25,261,102
16085,2,25,261,333
16105,2,25,772,302
16109,2,25,1679,334
16112,2,25,772,333
16117,2,25,772,334
16142,2,25,861,334
16159,2,25,354,71
16165,2,25,1693,67
16169,2,25,295,332
16182,2,25,353,70
16192,2,25,1691,102
16243,2,25,343,331
16292,2,26,343,76
16302,2,26,1680,328
16321,2,26,295,93
16324,2,26,1692,74
16336,2,26,347,76
16361,2,26,1691,327
16405,2,26,347,377
16412,2,26,355,77
16432,2,26,1679,328
16454,2,26,772,76
16484,2,26,261,95
16506,2,26,346,76
16517,2,26,1680,75
16519,2,26,861,94
16534,2,26,861,326
16538,2,26,1681,76
16547,2,26,261,325
16551,2,26,1679,96
16582,2,26,1679,75
16584,2,26,861,303
16620,2,26,861,77
16631,2,26,861,94
16646,2,26,356,76
16651,2,26,1679,96
16674,2,26,353,93
16685,2,26,1681,304
16689,2,26,345,329
16700,2,26,346,379
16712,2,26,357,95
16727,2,26,1681,97
16810,2,26,1692,72
16828,2,26,353,95
16831,2,26,347,303
16834,2,26,1693,97
16858,2,26,347,379
16864,2,26,344,329
16909,2,26,1679,96
16921,2,26,354,97
16940,2,26,357,73
16972,2,26,353,73
16976,2,26,1693,77
16983,2,26,861,304
17020,2,27,353,189
17092,2,27,355,199
17127,2,27,343,40
17170,2,27,357,201
17180,2,27,344,191
17181,2,27,1679,210
17192,2,27,347,403
17217,2,27,1692,191
17223,2,27,354,201
17249,2,27,861,189
17252,2,27,261,209
17303,2,27,354,59
17306,3,1,338,1678
17395,3,2,358,772
17460,3,5,358,1344
17468,3,5,340,1344
17474,3,5,358,1344
17515,3,6,362,27
17555,3,7,338,1712
17565,3,7,360,310
17606,3,8,361,387
17638,3,8,362,946
17675,3,8,358,1700
17684,3,8,341,1699
17693,3,8,339,366
17736,3,8,342,1696
17751,3,8,359,391
17801,3,8,361,388
17855,3,8,340,862
17906,3,9,362,1162
17915,3,9,338,1183
17948,3,9,361,1335
17950,3,9,358,1332
17974,3,9,342,1335
17988,3,9,362,1338
18013,3,9,358,165
18023,3,9,340,177
18064,3,9,341,1334
18070,3,9,361,1337
18159,3,10,342,315
18223,3,10,342,168
18228,3,11,342,950
18247,3,11,339,259
18274,3,11,338,24
18287,3,11,340,991
18291,3,11,338,10
18304,3,11,358,990
18318,3,11,338,10
18328,3,11,358,226
18338,3,11,362,259
18339,3,11,338,1626
18353,3,11,342,26
18355,3,11,362,996
18365,3,11,361,216
18374,3,11,358,996
18392,3,11,359,989
18410,3,11,362,26
18411,3,11,339,10
18420,3,11,362,216
18462,3,12,340,324
18469,3,12,339,39
18483,3,13,360,86
18485,3,13,338,85
18528,3,16,340,776
18533,3,16,342,266
18589,3,18,361,109
18624,3,20,360,540
18634,3,20,341,79
18645,3,21,359,1654
18663,3,21,360,399
18702,3,21,338,1654
18731,3,21,361,983
18740,3,21,342,55
18764,3,21,362,1656
18791,3,21,361,954
18802,3,21,338,955
18805,3,21,339,57
18812,3,21,358,956
18820,3,21,360,1650
18825,3,21,360,981
18829,3,21,341,982
18832,3,21,341,57
18936,3,21,359,397
18944,3,21,362,399
18972,3,21,339,1654
18991,3,21,340,398
19004,3,21,359,58
19013,3,21,359,956
19026,3,21,341,42
19060,3,21,340,58
19082,3,21,362,956
19086,3,21,341,1648
19110,3,21,339,980
19111,3,21,360,42
19176,3,22,340,254
19188,3,22,359,253
19197,3,22,338,231
19248,3,22,362,253
19249,3,22,358,227
19290,3,22,338,465
19317,3,22,362,51
19326,3,22,338,465
19333,3,22,361,48
19340,3,22,339,253
19346,3,22,360,467
19368,3,22,339,251
19370,3,22,339,504
19387,3,22,359,468
19417,3,23,342,186
19430,3,23,340,769
19446,3,23,362,767
19449,3,23,339,767
19453,3,23,359,1652
19460,3,23,359,53
19464,3,23,340,183
19478,3,23,341,188
19481,3,23,360,52
19486,3,23,362,158
19497,3,23,358,964
19558,3,23,338,46
19575,3,23,361,53
19596,3,23,362,964
19605,3,23,360,52
19610,3,23,359,767
19614,3,23,341,156
19645,3,23,362,740
19667,3,23,339,45
19685,3,23,340,154
19695,3,23,339,186
19708,3,23,359,184
19734,3,23,338,1652
19755,3,23,339,46
19759,3,23,342,160
19804,3,24,359,1666
19837,3,24,361,1662
19846,3,24,362,1666
19865,3,24,339,1667
19889,3,24,360,1663
19894,3,24,338,410
19932,3,24,358,460
19935,3,24,341,410
19970,3,24,339,1668
19990,3,25,358,71
20023,3,25,342,69
20028,3,25,338,378
20044,3,25,360,98
20050,3,25,340,69
20076,3,25,342,98
20102,3,25,360,100
20106,3,25,361,67
20112,3,25,360,101
20158,3,26,362,308
20167,3,26,340,76
20182,3,26,340,76
20197,3,26,342,75
20200,3,26,359,94
20230,3,26,362,329
20241,3,26,360,93
20254,3,26,342,94
20258,3,26,362,94
20267,3,26,339,306
20309,3,26,338,328
20310,3,26,338,329
20327,3,26,358,72
20329,3,26,362,76
20344,3,26,341,304
20350,3,26,340,330
20363,3,26,361,377
20366,3,26,338,75
20386,3,26,340,330
20390,3,26,338,94
20411,3,26,361,328
20422,3,26,340,75
20457,3,27,341,204
20508,3,27,361,213
20514,3,27,340,207
20517,3,27,361,197
20555,3,27,340,212
20563,4,1,374,1695
20573,4,1,382,376
20574,4,1,382,1694
20602,4,1,507,1695
20613,4,2,382,1691
20628,4,2,381,1681
20640,4,2,374,344
20680,4,5,507,1344
20713,4,6,375,5
20740,4,6,507,1630
20766,4,7,375,35
20782,4,7,375,2
20819,4,8,507,369
20840,4,8,374,366
20854,4,8,374,389
20913,4,8,542,1674
20921,4,8,507,387
20939,4,8,375,388
20951,4,8,374,1702
20963,4,8,542,1700
20976,4,8,375,1327
20993,4,8,374,1702
21009,4,9,381,1161
21013,4,9,542,1337
21047,4,9,374,1340
21050,4,9,374,1340
21052,4,9,374,163
21057,4,9,381,164
21082,4,9,382,1332
21115,4,9,382,1334
21119,4,9,382,1163
21200,4,10,381,141
21228,4,10,382,1576
21244,4,10,542,112
21259,4,11,374,991
21264,4,11,542,257
21273,4,11,542,256
21281,4,11,374,986
21301,4,11,374,1578
21304,4,11,542,221
21319,4,11,375,256
21320,4,11,507,950
21349,4,11,381,259
21359,4,11,381,226
21374,4,11,381,1626
21375,4,11,375,989
21417,4,12,542,39
21420,4,12,507,60
21427,4,12,507,323
21468,4,16,542,351
21481,4,16,507,269
21487,4,16,507,776
21605,4,21,542,397
21617,4,21,381,43
21654,4,21,375,1654
21660,4,21,375,953
21697,4,21,542,1646
21712,4,21,381,1647
21721,4,21,382,1654
21734,4,21,507,1655
21796,4,21,375,1657
21798,4,21,382,43
21833,4,21,374,955
21846,4,21,374,953
21855,4,21,374,1650
21899,4,21,374,1647
21974,4,22,382,468
22006,4,22,507,252
22055,4,22,507,252
22074,4,22,542,50
22078,4,22,507,468
22087,4,22,381,468
22096,4,22,542,467
22106,4,22,381,254
22182,4,23,374,52
22195,4,23,374,742
22196,4,23,381,158
22236,4,23,381,47
22237,4,23,381,52
22239,4,23,374,188
22245,4,23,381,964
22252,4,23,375,184
22260,4,23,381,766
22322,4,23,507,741
22337,4,23,507,53
22361,4,23,507,46
22394,4,23,542,53
22399,4,23,542,1652
22459,4,24,382,1665
22501,4,24,382,410
22502,4,24,375,1664
22520,4,24,507,411
22525,4,24,375,459
22558,4,25,382,98
22564,4,25,542,335
22566,4,25,375,100
22594,4,25,542,334
22661,4,25,542,333
22668,4,25,381,67
22702,4,26,381,75
22703,4,26,374,307
22711,4,26,374,92
22748,4,26,381,327
22760,4,26,381,92
22786,4,26,374,307
22821,4,26,374,76
22852,4,26,382,308
22895,4,26,382,95
22918,4,27,382,194
22932,4,27,381,1671
22934,4,27,542,193
22968,4,27,381,393
22972,4,27,374,394
22979,4,27,375,212
22986,4,27,381,1659
22987,4,27,381,396
23020,5,1,1343,215
23037,5,1,1342,1677
23051,5,1,1342,380
23081,5,1,1344,1678
23098,5,1,1328,1694
23116,5,1,1344,506
23128,5,1,1342,1694
23131,5,1,1329,506
23144,5,1,1330,1678
23160,5,2,1331,354
23224,5,2,1328,1679
23239,5,2,1345,861
23285,5,2,1343,353
23306,5,3,1690,362
23354,5,4,1328,542
23378,5,4,1343,375
23380,5,4,1328,382
23384,5,4,1328,382
23397,5,6,1682,6
23419,5,8,1690,370
23485,5,8,1345,1700
23497,5,8,1342,1696
23504,5,8,1344,1703
23517,5,8,1690,1703
23534,5,8,1682,1698
23543,5,8,1328,363
23581,5,8,1331,370
23602,5,8,1328,1675
23619,5,8,1682,1700
23687,5,8,1331,367
23689,5,8,1342,864
23707,5,8,1331,1674
23715,5,8,1344,1270
23721,5,8,1328,364
23725,5,8,1345,1674
23728,5,8,1330,1696
23736,5,8,1330,369
23738,5,8,1343,369
23762,5,9,1328,176
23765,5,9,1328,1336
23838,5,16,1330,271
23852,5,16,1328,269
23854,5,16,1328,349
23855,5,16,1330,294
23895,5,20,1331,510
23917,5,21,1328,54
23919,5,21,1345,954
23923,5,21,1330,44
23939,5,21,1690,58
23940,5,21,1331,982
23946,5,21,1330,956
23971,5,21,1343,399
24006,5,21,1330,1654
24049,5,21,1331,54
24065,5,22,1342,251
24094,5,22,1682,50
24119,5,22,1329,504
24125,5,22,1328,467
24140,5,23,1331,45
24142,5,23,1342,155
24163,5,23,1682,187
24164,5,23,1345,741
24183,5,23,1328,159
24190,5,23,1344,154
24227,5,23,1690,740
24252,5,24,1682,411
24266,5,24,1344,1663
24275,5,24,1344,459
24282,5,24,1682,411
24293,5,24,1690,1664
24307,5,25,1342,302
24323,5,25,1329,102
24325,5,25,1345,299
24329,5,25,1331,302
24340,5,25,1342,71
24360,5,25,1344,98
24392,5,26,1344,329
24425,5,26,1345,329
24443,5,26,1344,305
24468,5,26,1342,97
24473,5,26,1331,377
24514,5,26,1345,72
24568,6,1,1508,1678
24572,6,1,16,215
24583,6,1,20,1678
24691,6,2,948,1679
24693,6,2,336,295
24717,6,2,322,861
24726,6,2,948,347
24734,6,2,27,861
24783,6,2,16,344
24896,6,4,771,375
24917,6,7,28,30
24926,6,8,1508,1676
24934,6,8,16,370
24940,6,8,322,1698
24974,6,8,17,1676
24992,6,8,16,390
24996,6,8,20,367
25081,6,9,260,1268
25095,6,10,260,179
25122,6,11,20,1626
25134,6,11,18,221
25154,6,13,771,392
25172,6,16,6,291
25177,6,16,27,267
25183,6,16,948,267
25188,6,18,322,172
25249,6,21,20,44
25262,6,21,1630,399
25288,6,21,1630,44
25311,6,22,17,227
25318,6,22,260,504
25334,6,23,260,160
25339,6,23,17,766
25347,6,23,1508,155
25360,6,23,6,159
25369,6,23,17,741
25377,6,23,297,186
25400,6,23,322,157
25444,6,24,28,460
25463,6,25,29,332
25468,6,25,336,100
25475,6,25,15,298
25486,6,25,311,334
25494,6,25,7,300
25498,6,26,15,377
25500,6,26,29,96
25502,6,26,7,328
25537,6,26,27,92
25560,6,26,297,77
25588,6,27,260,190
25601,7,1,33,1677
25602,7,1,34,1695
25631,7,1,34,215
25666,7,1,64,1
25686,7,1,35,215
25697,7,1,310,1
25699,7,1,1712,1677
25707,7,1,33,1695
25737,7,2,31,1681
25766,7,2,32,1693
25778,7,2,2,346
25779,7,2,31,1691
25805,7,2,2,346
25818,7,2,31,1680
25837,7,2,180,346
25857,7,3,180,361
25905,7,4,3,382
25908,7,4,2,542
25924,7,4,32,374
25949,7,8,35,366
26047,7,8,35,1701
26073,7,8,3,1699
26114,7,10,34,314
26142,7,11,1714,222
26205,7,19,1714,1585
26225,7,21,2,399
26271,7,21,66,956
26276,7,21,64,954
26286,7,21,310,399
26320,7,22,4,48
26325,7,22,4,229
26338,7,23,64,742
26375,7,23,1714,183
26401,7,24,1714,1668
26442,7,24,64,1660
26459,7,25,34,333
26505,7,26,32,97
26549,7,26,32,304
26571,7,27,180,1659
26575,7,27,34,214
26590,8,1,1700,1677
26604,8,1,367,380
26648,8,1,1327,376
26653,8,1,1701,1678
26664,8,1,390,215
26668,8,1,1674,1695
26669,8,1,1673,1678
26698,8,1,369,215
26715,8,1,391,1695
26756,8,1,1270,1694
26760,8,1,1703,506
26765,8,1,1698,1
26776,8,1,864,380
26802,8,1,363,1677
26820,8,1,364,506
26838,8,1,1698,1695
26954,8,1,1673,1677
26966,8,1,1703,1695
27011,8,1,365,215
27015,8,1,367,376
27026,8,1,1701,1677
27028,8,1,364,506
27049,8,1,946,506
27056,8,1,864,376
27063,8,1,1703,1
27068,8,1,390,1678
27070,8,1,388,376
27080,8,1,364,1
27091,8,1,370,376
27116,8,1,1703,1677
27174,8,1,1675,376
27208,8,1,1701,1677
27247,8,1,391,506
27256,8,1,368,380
27306,8,1,864,376
27330,8,1,1676,506
27340,8,1,387,376
27364,8,1,1673,506
27388,8,1,947,380
27391,8,1,1270,1678
27400,8,2,1701,357
27440,8,2,864,347
27469,8,2,1699,1679
27486,8,2,1702,343
27488,8,2,1698,1693
27556,8,2,391,354
27603,8,2,1700,1693
27604,8,2,1674,861
27609,8,2,1697,345
27651,8,2,862,261
27665,8,2,367,356
27673,8,2,386,356
27677,8,2,1702,295
27714,8,2,1675,295
27720,8,2,1698,1692
27739,8,2,369,353
27740,8,2,1675,355
27745,8,2,1696,772
27754,8,2,1703,355
27817,8,2,368,1693
27842,8,2,1701,295
27857,8,2,1676,1680
27858,8,2,1696,346
27881,8,2,370,1681
27886,8,2,365,1680
27895,8,2,365,354
27897,8,2,388,345
27902,8,2,1701,1681
27943,8,2,862,343
27967,8,2,366,343
27968,8,2,946,1691
28004,8,2,369,1693
28044,8,2,368,295
28075,8,2,864,1692
28175,8,3,1696,342
28181,8,3,1327,361
28199,8,3,1674,358
28227,8,3,386,339
28232,8,3,365,362
28260,8,3,1696,360
28267,8,3,1701,358
28297,8,3,1701,339
28354,8,3,390,342
28374,8,3,364,341
28392,8,4,390,542
28397,8,4,363,375
28411,8,4,864,507
28413,8,4,1673,382
28433,8,4,365,542
28434,8,4,947,381
28477,8,4,864,374
28484,8,4,1698,382
28487,8,4,862,382
28491,8,4,1697,542
28492,8,4,862,507
28499,8,4,1676,542
28505,8,4,369,381
28532,8,4,1673,375
28533,8,4,1696,374
28552,8,4,365,381
28573,8,4,1676,381
28580,8,4,864,375
28596,8,5,1327,1690
28636,8,5,363,1330
28650,8,5,1702,1328
28651,8,5,946,1329
28703,8,5,388,1682
28715,8,5,863,1345
28737,8,5,388,1328
28744,8,5,1699,1345
28761,8,5,367,1690
28770,8,5,388,1331
28773,8,5,862,1331
28784,8,5,386,1328
28786,8,5,364,1344
28810,8,5,1697,1331
28812,8,5,387,1344
28815,8,5,1676,1344
28829,8,5,947,1682
28850,8,5,387,1328
28895,8,5,1673,1329
28914,8,5,1700,1345
28957,8,6,1327,260
28970,8,6,1703,28
29008,8,6,1676,988
29113,8,7,366,2
29137,8,7,1697,32
29147,8,7,370,64
29159,8,7,364,31
29222,8,7,1696,35
29241,8,8,365,1674
29254,8,8,368,1327
29271,8,8,1700,363
29309,8,8,946,1703
29311,8,8,1696,863
29347,8,8,1674,363
29375,8,8,1703,1675
29378,8,8,368,365
29396,8,8,1327,390
29400,8,8,1676,946
29408,8,8,1676,864
29431,8,8,864,1675
29460,8,8,864,364
29472,8,8,946,1675
29509,8,8,1701,368
29532,8,8,863,367
29542,8,8,390,863
29564,8,8,1270,364
29587,8,8,1703,1696
29592,8,8,1270,388
29615,8,8,363,367
29669,8,8,370,1676
29676,8,8,363,390
29693,8,8,1702,367
29696,8,8,1699,389
29704,8,8,1701,391
29723,8,8,862,1270
29731,8,8,1698,1696
29791,8,8,367,947
29806,8,9,862,1338
29809,8,9,947,164
29815,8,9,1675,1183
29868,8,9,389,163
29873,8,9,1697,1338
29879,8,9,1270,176
29940,8,9,364,1335
29951,8,9,364,1340
30032,8,9,364,1180
30068,8,9,862,1161
30087,8,9,1674,1337
30188,8,9,1699,1339
30204,8,9,862,164
30215,8,9,368,1163
30218,8,9,388,1333
30237,8,9,862,1180
30251,8,9,1676,1339
30255,8,9,388,1341
30263,8,9,386,1332
30269,8,9,1697,1160
30296,8,9,389,1163
30301,8,9,1673,1339
30304,8,9,1676,1335
30336,8,9,390,1183
30354,8,9,1697,1163
30355,8,9,1674,163
30365,8,9,1327,144
30372,8,9,389,1183
30382,8,9,1674,1183
30394,8,9,1674,1338
30395,8,9,368,1162
30417,8,9,1698,144
30433,8,9,370,164
30452,8,9,862,177
30468,8,9,369,1161
30477,8,9,1700,163
30499,8,9,1703,1335
30540,8,9,1702,1333
30542,8,9,386,1338
30550,8,9,1702,1339
30552,8,9,1703,1337
30561,8,9,1674,1162
30579,8,9,1675,1180
30587,8,9,366,1337
30591,8,9,388,176
30601,8,9,946,1160
30628,8,9,1702,176
30662,8,9,863,144
30706,8,9,1699,177
30741,8,9,386,1332
30743,8,9,1673,1335
30753,8,9,863,164
30804,8,9,366,176
30812,8,9,391,1337
30835,8,9,369,1333
30841,8,9,1699,176
30866,8,9,1675,1183
30876,8,9,1697,1180
30881,8,9,1699,1337
30884,8,9,1698,144
30899,8,9,1676,1338
30932,8,9,1701,1180
30933,8,9,1674,165
31006,8,9,386,1160
31011,8,9,390,164
31020,8,9,1697,1162
31050,8,9,863,164
31091,8,10,364,174
31119,8,10,367,166
31176,8,10,391,178
31178,8,10,370,12
31203,8,10,364,1576
31213,8,10,366,117
31224,8,10,364,9
31235,8,10,1703,8
31260,8,10,1699,312
31301,8,10,862,114
31354,8,10,1699,1575
31357,8,10,363,116
31408,8,10,367,11
31415,8,10,386,113
31424,8,10,391,1181
31454,8,10,864,167
31463,8,10,386,14
31475,8,11,364,985
31492,8,11,363,991
31500,8,11,1270,987
31508,8,11,947,991
31531,8,11,1701,223
31551,8,11,388,986
31557,8,11,1701,984
31596,8,11,370,1626
31608,8,11,386,222
31613,8,11,1673,987
31622,8,11,365,224
31663,8,11,1696,990
31684,8,11,368,949
31691,8,11,1698,256
31692,8,11,388,991
31715,8,11,370,10
31720,8,11,367,986
31756,8,11,389,984
31759,8,11,364,1578
31763,8,11,1697,226
31765,8,11,1703,10
31785,8,11,1701,952
31787,8,11,365,10
31791,8,11,390,256
31795,8,11,390,257
31824,8,11,367,985
31850,8,11,1698,223
31852,8,11,1699,26
31871,8,11,369,258
31887,8,11,1327,985
31959,8,11,391,996
31967,8,11,946,949
32007,8,11,862,984
32030,8,11,388,216
32035,8,11,367,1626
32103,8,11,1673,990
32111,8,12,946,60
32127,8,12,1696,39
32129,8,12,1676,62
32133,8,12,365,63
32141,8,12,389,1720
32154,8,12,864,61
32165,8,12,366,323
32166,8,12,386,60
32168,8,12,1703,38
32173,8,12,862,61
32208,8,12,391,37
32216,8,12,1270,323
32220,8,12,863,61
32231,8,12,391,1720
32234,8,12,368,38
32260,8,12,1327,37
32277,8,13,947,86
32282,8,13,1674,84
32288,8,13,368,992
32290,8,13,1697,995
32321,8,15,863,866
32354,8,16,386,267
32359,8,16,386,280
32364,8,16,364,272
32395,8,16,1702,271
32412,8,16,391,280
32417,8,16,862,285
32425,8,16,1675,283
32443,8,16,391,279
32458,8,16,369,285
32468,8,16,390,278
32482,8,16,391,265
32487,8,16,1703,281
32518,8,16,368,286
32519,8,16,1698,350
32531,8,16,363,267
32543,8,16,363,267
32546,8,16,1702,267
32575,8,16,390,267
32615,8,18,946,170
32655,8,19,386,1570
32661,8,19,387,249
32674,8,19,1703,1513
32717,8,19,1674,1584
32729,8,19,1675,1622
32743,8,19,366,1686
32771,8,20,366,88
32798,8,20,390,539
32821,8,21,364,42
32843,8,21,1696,1654
32850,8,21,386,955
32866,8,21,1700,398
32935,8,21,1327,1654
32942,8,21,366,980
32971,8,21,1674,1657
32975,8,21,370,956
32992,8,21,863,1654
33019,8,21,391,1646
33027,8,21,388,57
33029,8,21,365,1654
33047,8,21,1701,398
33060,8,21,369,57
33076,8,21,864,1654
33091,8,21,1699,42
33107,8,21,1676,1650
33114,8,21,390,955
33213,8,21,389,1650
33225,8,21,363,54
33269,8,21,946,1657
33293,8,21,390,1657
33294,8,21,369,55
33302,8,21,1675,42
33313,8,21,1673,42
33347,8,21,389,42
33354,8,21,365,54
33386,8,21,366,953
33409,8,21,365,400
33419,8,21,1701,981
33459,8,21,386,54
33478,8,21,387,1655
33498,8,21,1270,1649
33518,8,21,1697,981
33553,8,21,1702,980
33561,8,21,1696,1655
33567,8,21,1674,954
33575,8,21,862,1649
33630,8,21,1700,44
33671,8,21,370,56
33674,8,21,946,41
33679,8,21,368,397
33692,8,21,1673,400
33712,8,21,391,983
33713,8,21,387,57
33728,8,21,1699,397
33754,8,21,364,1657
33763,8,21,387,1648
33804,8,21,366,397
33819,8,21,391,56
33878,8,21,369,1648
33926,8,22,388,231
33956,8,22,862,504
33967,8,22,862,504
34025,8,22,391,231
34036,8,22,1698,250
34055,8,22,1699,503
34063,8,22,364,467
34084,8,22,391,250
34181,8,22,368,503
34226,8,22,387,49
34230,8,22,370,468
34240,8,22,389,254
34267,8,22,363,49
34291,8,22,1676,251
34306,8,22,862,501
34336,8,22,386,228
34350,8,22,366,468
34359,8,22,1703,252
34395,8,22,1698,468
34409,8,22,1676,504
34425,8,22,1676,501
34495,8,23,946,52
34521,8,23,366,47
34537,8,23,387,766
34539,8,23,862,183
34553,8,23,387,769
34601,8,23,863,1652
34608,8,23,1697,160
34616,8,23,947,154
34617,8,23,1702,964
34641,8,23,388,47
34653,8,23,387,767
34692,8,23,386,188
34695,8,23,1673,185
34723,8,23,364,53
34759,8,23,862,185
34768,8,23,862,159
34838,8,23,863,1652
34898,8,23,1673,182
34899,8,23,1699,183
34917,8,23,370,46
34924,8,23,368,770
34934,8,23,1702,1652
34958,8,23,369,186
34998,8,23,1696,182
34999,8,23,1702,740
35023,8,23,390,1651
35027,8,23,1674,767
35043,8,23,387,964
35045,8,23,862,52
35055,8,23,1696,186
35086,8,23,365,767
35089,8,23,1699,157
35094,8,23,365,1651
35097,8,23,1327,188
35104,8,23,386,770
35117,8,23,389,53
35141,8,23,946,1652
35156,8,23,391,183
35243,8,23,368,159
35276,8,23,367,45
35279,8,23,1699,47
35283,8,23,386,182
35285,8,23,1697,183
35310,8,23,370,157
35320,8,23,366,767
35326,8,24,1697,1667
35366,8,24,367,410
35372,8,24,1698,1663
35375,8,24,1697,459
35383,8,24,1674,460
35394,8,24,1700,1666
35407,8,24,389,1668
35439,8,24,369,1661
35469,8,24,389,1666
35473,8,24,366,1662
35494,8,24,1699,1664
35495,8,24,1673,459
35496,8,24,1701,410
35587,8,24,390,1665
35590,8,24,1675,460
35655,8,24,1699,411
35689,8,24,1673,1662
35736,8,24,387,1667
35758,8,24,1703,459
35768,8,24,370,460
35771,8,24,1703,1718
35778,8,24,391,1668
35779,8,24,388,1670
35794,8,24,391,1667
35818,8,24,368,1667
35830,8,24,1696,1668
35834,8,24,1676,1667
35845,8,24,391,1665
35893,8,24,1696,411
35895,8,24,1701,1666
35904,8,24,369,1670
35912,8,24,388,411
35931,8,24,389,459
35967,8,24,1703,460
35985,8,24,1703,1718
35996,8,24,370,1666
36007,8,24,391,1669
36027,8,24,1676,1661
36035,8,24,862,412
36056,8,24,364,1668
36060,8,24,363,1665
36068,8,24,1696,1667
36073,8,24,1675,1668
36083,8,24,370,1670
36084,8,24,1697,1660
36092,8,24,1700,411
36166,8,25,1697,335
36171,8,25,1697,102
36191,8,25,390,404
36209,8,25,369,71
36232,8,25,387,98
36246,8,25,365,71
36290,8,25,365,300
36298,8,25,1699,334
36305,8,25,1703,70
36324,8,25,365,299
36356,8,25,363,70
36401,8,25,1702,299
36415,8,25,367,404
36467,8,25,390,100
36489,8,25,390,67
36522,8,25,1700,98
36528,8,25,389,70
36553,8,25,1697,71
36593,8,26,1698,94
36605,8,26,370,377
36624,8,26,1701,330
36628,8,26,1699,77
36652,8,26,1702,330
36657,8,26,1674,306
36679,8,26,367,330
36684,8,26,1270,307
36727,8,26,370,77
36747,8,26,389,307
36755,8,26,365,92
36793,8,26,947,305
36803,8,26,369,72
36807,8,26,1701,92
36864,8,26,364,326
36871,8,26,1698,327
36892,8,26,364,95
36898,8,26,1673,330
36901,8,26,369,303
36902,8,26,390,96
36955,8,26,388,306
36971,8,26,1676,74
36993,8,26,1270,326
37046,8,26,1700,377
37049,8,26,1696,306
37072,8,26,390,329
37096,8,26,370,73
37103,8,26,1700,92
37106,8,26,386,93
37108,8,26,1673,75
37112,8,26,864,97
37120,8,26,367,329
37136,8,26,390,94
37147,8,26,370,93
37154,8,26,862,74
37164,8,26,370,93
37209,8,26,390,308
37251,8,26,1697,94
37266,8,26,388,77
37303,8,26,1702,92
37311,8,26,1673,304
37327,8,26,1699,305
37346,8,26,366,305
37353,8,26,1700,76
37358,8,26,1676,96
37365,8,27,1674,214
37399,8,27,391,195
37421,8,27,1701,208
37432,8,27,1698,461
37452,8,27,1699,1716
37463,8,27,1675,192
37466,8,27,370,403
37490,8,27,1675,192
37495,8,27,364,193
37504,8,27,391,204
37525,8,27,366,197
37540,8,27,370,190
37550,8,27,1702,401
37585,8,27,1697,189
37593,8,27,1696,59
37598,8,27,1674,407
37599,8,27,1674,396
37600,8,27,363,194
37618,8,27,363,1658
37624,8,27,390,214
37635,8,27,1676,205
37636,8,27,366,403
37641,8,27,1699,214
37642,8,27,1703,205
37645,8,27,366,197
37648,8,27,1673,193
37672,8,27,391,207
37675,8,27,363,189
37709,8,27,386,201
37730,8,27,391,402
37736,8,27,387,193
37752,8,27,389,1716
37756,8,27,388,409
37766,8,27,391,206
37774,8,27,386,1716
37786,8,27,391,201
37799,8,27,369,395
37806,8,27,1700,202
37821,8,27,1701,59
37931,9,1,164,1695
37970,9,1,1339,1677
37975,9,1,1340,1695
37979,9,1,1162,1677
37980,9,1,1333,1695
38008,9,1,1337,1694
38017,9,1,163,215
38041,9,1,1332,376
38049,9,1,1339,1
38066,9,1,176,1678
38070,9,1,1180,1
38078,9,1,144,1695
38099,9,1,1183,1695
38121,9,1,1161,1678
38155,9,1,1341,1694
38166,9,1,177,1694
38177,9,1,1340,1694
38214,9,1,1333,1677
38218,9,1,177,506
38274,9,1,1180,1694
38306,9,1,1336,1678
38329,9,1,1268,506
38330,9,1,144,1694
38333,9,1,164,1
38340,9,1,163,376
38346,9,1,1183,1694
38358,9,1,1268,1695
38380,9,1,1340,215
38382,9,1,1336,1
38383,9,1,1161,1695
38403,9,1,165,1695
38411,9,1,177,1694
38437,9,1,1337,215
38448,9,1,1341,215
38452,9,2,1333,1693
38531,9,2,1268,261
38532,9,2,1183,1691
38550,9,2,1183,861
38563,9,2,1335,772
38604,9,2,1338,355
38639,9,2,1335,346
38677,9,2,176,295
38722,9,2,144,1692
38739,9,2,1268,1679
38756,9,2,177,772
38772,9,2,144,346
38801,9,2,1340,355
38807,9,2,1335,861
38816,9,2,1335,1691
38845,9,2,176,1692
38890,9,2,144,347
38902,9,2,1183,345
38905,9,2,177,1679
38924,9,2,1336,772
38957,9,2,176,354
39002,9,3,1335,341
39067,9,3,1160,362
39091,9,3,1268,338
39113,9,3,1339,361
39119,9,3,165,362
39192,9,4,1183,375
39193,9,4,1333,542
39206,9,4,1341,507
39208,9,4,1341,375
39217,9,4,165,375
39222,9,4,1180,374
39230,9,4,1340,375
39244,9,4,1335,542
39247,9,4,177,374
39253,9,4,1183,381
39304,9,4,165,374
39305,9,4,1162,542
39344,9,5,177,1330
39350,9,6,1183,1508
39379,9,7,1340,310
39401,9,8,177,390
39425,9,8,1333,388
39466,9,8,144,947
39479,9,8,1268,1674
39506,9,8,165,391
39517,9,8,1336,1700
39574,9,8,1340,369
39586,9,8,144,864
39643,9,8,177,386
39687,9,8,1341,1700
39688,9,8,1339,386
39739,9,8,1180,390
39764,9,8,1161,1698
39767,9,8,164,862
39784,9,8,1339,365
39799,9,8,1333,1676
39802,9,8,1338,1700
39815,9,8,1335,1673
39827,9,8,144,367
39835,9,8,144,947
39836,9,8,1162,387
39871,9,8,1336,368
39876,9,8,1183,1673
39907,9,8,1340,1676
39909,9,8,1180,1674
39919,9,8,1339,366
39923,9,8,1341,862
39989,9,8,165,1676
39993,9,8,1268,389
39995,9,8,165,863
40007,9,8,1335,1697
40011,9,8,1332,365
40021,9,8,1340,1698
40039,9,8,1332,368
40041,9,8,164,1675
40081,9,8,1333,1697
40106,9,8,1333,1703
40126,9,8,1160,390
40131,9,8,1341,369
40141,9,8,165,370
40180,9,8,1183,1700
40188,9,8,1337,387
40205,9,8,1268,864
40248,9,8,165,1698
40261,9,8,176,1703
40275,9,8,177,365
40311,9,8,1339,1697
40318,9,8,177,863
40339,9,8,165,863
40353,9,8,164,1676
40386,9,8,1336,387
40387,9,8,1160,1700
40399,9,8,1338,1673
40404,9,8,165,1676
40407,9,8,1161,1701
40447,9,8,1333,365
40501,9,8,1180,365
40552,9,8,1268,946
40577,9,8,1160,367
40581,9,8,1183,365
40667,9,9,1340,1161
40722,9,9,1180,1334
40726,9,9,1160,1340
40729,9,9,1334,163
40758,9,10,163,9
40790,9,10,1332,178
40815,9,11,165,986
40819,9,11,1339,950
40833,9,11,1183,987
40841,9,11,163,950
40868,9,11,1339,1626
40874,9,11,1160,985
40877,9,11,1332,257
40882,9,11,177,1578
40893,9,11,165,949
40910,9,12,1339,62
40931,9,12,164,61
40964,9,16,1338,286
40994,9,16,163,291
41020,9,16,1183,278
41026,9,16,176,272
41060,9,16,165,267
41061,9,16,1340,267
41073,9,16,1183,267
41077,9,16,164,267
41081,9,16,1337,267
41082,9,16,1338,267
41098,9,18,1341,107
41113,9,18,1160,1579
41118,9,18,144,217
41141,9,19,1332,1573
41165,9,19,1339,1624
41179,9,20,1339,80
41296,9,21,1335,1653
41339,9,21,1162,42
41353,9,21,1338,956
41362,9,21,1183,400
41378,9,21,1180,1650
41379,9,21,1339,1646
41381,9,21,1340,983
41413,9,21,1335,57
41426,9,21,176,398
41428,9,21,1336,983
41449,9,21,1333,397
41469,9,21,1336,1654
41484,9,21,1333,43
41493,9,21,1336,983
41518,9,21,1180,1648
41520,9,21,163,399
41526,9,21,1334,1656
41550,9,21,1268,41
41553,9,21,1338,43
41563,9,21,164,1647
41565,9,21,1162,41
41587,9,21,1162,397
41604,9,21,1333,58
41608,9,21,1335,955
41610,9,21,176,56
41632,9,21,1337,1648
41640,9,21,1340,1648
41652,9,21,1341,981
41658,9,21,1161,1646
41674,9,21,1336,400
41691,9,21,1333,400
41695,9,21,164,43
41710,9,21,1340,1650
41720,9,21,1162,41
41732,9,21,1180,981
41776,9,22,1337,467
41779,9,22,1180,252
41818,9,22,1180,504
41841,9,22,1334,465
41873,9,22,163,466
41883,9,22,1340,465
41890,9,22,163,254
41891,9,22,165,501
41907,9,22,1333,231
41930,9,22,1180,228
41957,9,22,1336,252
41958,9,22,144,465
41976,9,22,1183,466
41982,9,22,1337,253
42009,9,22,176,227
42010,9,22,1334,227
42018,9,22,1338,50
42045,9,23,1340,46
42054,9,23,1180,766
42057,9,23,1339,46
42064,9,23,1334,46
42076,9,23,177,186
42111,9,23,1336,154
42126,9,23,177,767
42135,9,23,177,158
42147,9,23,164,159
42148,9,23,144,53
42153,9,23,1341,186
42182,9,23,1162,769
42200,9,23,176,740
42201,9,23,1336,47
42228,9,23,1336,766
42231,9,23,144,186
42240,9,23,1339,46
42242,9,23,176,46
42310,9,23,1338,742
42320,9,23,1334,742
42322,9,23,176,769
42349,9,23,1340,160
42353,9,23,1183,45
42369,9,23,1334,964
42378,9,23,1183,770
42393,9,23,1338,159
42410,9,23,1335,768
42437,9,23,144,156
42455,9,23,1336,47
42474,9,24,176,1660
42475,9,24,1339,411
42484,9,24,1334,410
42516,9,24,1162,1718
42522,9,24,1332,460
42534,9,24,1268,1663
42548,9,24,176,459
42550,9,24,1341,1661
42555,9,24,1340,1664
42608,9,24,1183,1661
42609,9,24,1268,1666
42612,9,24,1333,1662
42625,9,24,1341,1667
42633,9,24,1332,1670
42653,9,25,177,334
42683,9,25,1341,100
42700,9,25,164,331
42711,9,25,1162,331
42712,9,25,1333,70
42743,9,25,163,335
42766,9,25,1161,102
42770,9,25,1339,300
42772,9,25,1183,99
42833,9,25,1180,378
42840,9,25,165,69
42853,9,25,1335,101
42877,9,25,163,100
42899,9,25,1339,70
42909,9,25,1180,70
42915,9,25,1334,300
42946,9,26,1333,76
42947,9,26,1180,96
42951,9,26,1160,326
42958,9,26,1332,76
42972,9,26,164,305
42993,9,26,1338,93
43000,9,26,164,76
43001,9,26,1333,305
43006,9,26,1183,76
43051,9,26,1162,97
43110,9,26,1337,74
43119,9,26,163,73
43123,9,26,163,326
43160,9,26,163,305
43162,9,26,1338,330
43169,9,26,163,305
43224,9,26,1268,379
43234,9,26,1268,96
43239,9,26,164,77
43250,9,26,1336,305
43258,9,26,165,74
43268,9,26,1337,97
43305,9,26,1183,305
43309,9,26,1337,307
43321,9,26,144,329
43346,9,26,1268,97
43351,9,26,163,377
43356,9,26,176,96
43367,9,26,1341,304
43387,9,26,1160,329
43416,9,26,163,308
43423,9,26,1183,305
43432,9,26,1334,304
43435,9,26,1183,308
43436,9,26,144,96
43443,9,26,1334,73
43448,9,27,1334,211
43523,9,27,1340,1672
43534,9,27,1180,193
43543,9,27,1183,206
43563,10,1,138,215
43578,10,1,178,215
43604,10,1,114,215
43621,10,1,317,1678
43624,10,1,178,506
43627,10,1,139,506
43652,10,1,175,1694
43690,10,1,1575,1678
43713,10,1,115,215
43738,10,1,1576,376
43748,10,1,167,1695
43768,10,1,25,1694
43786,10,1,320,376
43788,10,1,1576,1
43789,10,1,114,376
43847,10,1,1627,1
43857,10,1,174,1677
43859,10,1,13,1695
43868,10,1,1627,1
43872,10,1,117,1678
43874,10,1,11,1695
43887,10,1,22,380
43910,10,1,1627,1
43912,10,1,178,1
43928,10,1,112,1
43929,10,1,168,1
43942,10,2,1629,343
43983,10,2,114,861
43988,10,2,1181,345
44000,10,2,167,861
44040,10,2,319,353
44062,10,2,142,354
44076,10,2,312,1691
44082,10,2,316,1679
44090,10,2,14,347
44097,10,2,21,1681
44123,10,2,113,261
44160,10,2,112,1679
44162,10,2,1269,1692
44168,10,2,1577,1680
44236,10,2,14,353
44249,10,2,13,772
44259,10,2,318,1680
44274,10,2,141,346
44341,10,3,115,340
44359,10,3,1627,341
44363,10,3,1269,359
44378,10,3,112,339
44410,10,4,12,382
44412,10,4,1182,374
44425,10,4,1269,375
44451,10,4,111,374
44474,10,4,178,507
44476,10,4,1629,374
44483,10,4,138,374
44492,10,4,1181,382
44500,10,4,113,542
44539,10,6,1181,28
44545,10,7,1181,4
44550,10,7,138,310
44552,10,7,8,66
44568,10,8,11,366
44603,10,8,114,1676
44649,10,8,11,369
44707,10,8,178,367
44744,10,8,319,946
44765,10,8,1575,1701
44808,10,8,112,367
44810,10,8,316,864
44817,10,8,23,1702
44818,10,8,13,862
44839,10,8,143,369
44853,10,8,141,1702
44894,10,8,174,390
44917,10,8,116,364
44935,10,8,178,862
44989,10,9,112,1335
45109,10,11,316,984
45156,10,11,13,257
45171,10,12,1575,309
45175,10,12,1577,309
45182,10,12,161,36
45264,10,16,12,267
45284,10,18,112,170
45290,10,19,315,1570
45341,10,21,1576,1656
45355,10,21,22,56
45369,10,21,1182,1649
45396,10,21,116,1657
45406,10,21,117,955
45409,10,21,321,55
45517,10,21,9,1655
45574,10,22,8,49
45580,10,22,1577,228
45586,10,22,175,250
45601,10,22,1576,231
45608,10,22,11,467
45615,10,22,162,252
45643,10,22,178,51
45657,10,22,11,48
45684,10,23,1575,1651
45699,10,23,1576,46
45722,10,23,178,187
45729,10,23,1627,183
45745,10,23,319,768
45751,10,23,141,1651
45773,10,23,141,767
45804,10,23,1575,768
45807,10,23,143,182
45836,10,23,1577,45
45840,10,23,14,158
45862,10,23,167,181
45867,10,24,22,1660
45884,10,24,161,1661
45898,10,24,8,1718
45905,10,24,140,1669
45921,10,24,313,1661
45959,10,24,22,1670
45984,10,24,168,1718
45996,10,24,14,1668
46032,10,25,114,98
46038,10,25,1269,70
46039,10,25,25,68
46050,10,25,162,299
46059,10,25,21,101
46081,10,25,111,98
46104,10,25,143,69
46117,10,26,23,328
46186,10,26,1575,74
46196,10,26,1629,306
46262,10,26,142,308
46274,10,26,167,93
46321,10,27,175,395
46326,10,27,179,195
46332,10,27,320,190
46339,10,27,25,210
46372,10,27,161,406
46421,11,1,951,506
46438,11,1,952,1
46470,11,1,951,1695
46483,11,1,216,1
46520,11,1,24,506
46522,11,1,26,1678
46543,11,1,224,1678
46552,11,1,26,1677
46610,11,1,985,380
46619,11,1,26,1694
46643,11,1,987,215
46656,11,1,951,1694
46677,11,1,222,1677
46691,11,1,950,1677
46694,11,1,26,1677
46706,11,1,222,1678
46748,11,1,505,1694
46758,11,1,991,1694
46765,11,1,949,380
46766,11,1,951,1678
46773,11,1,951,380
46797,11,1,222,506
46804,11,1,951,1677
46818,11,1,949,1677
46824,11,1,984,506
46869,11,1,24,1677
46870,11,1,1578,1677
46898,11,1,986,215
46960,11,1,259,215
46962,11,1,216,1677
46996,11,1,223,1
47020,11,2,255,772
47042,11,2,505,1692
47079,11,2,952,343
47089,11,2,950,355
47094,11,2,985,261
47142,11,2,224,343
47150,11,2,1578,357
47157,11,2,256,357
47216,11,2,985,343
47229,11,2,225,353
47232,11,2,951,772
47241,11,2,216,346
47269,11,2,255,356
47317,11,2,24,1691
47377,11,2,216,261
47392,11,2,989,1691
47398,11,2,987,355
47425,11,2,258,772
47438,11,2,224,261
47450,11,2,991,1681
47464,11,2,259,344
47501,11,2,991,355
47556,11,3,26,342
47567,11,3,10,360
47590,11,3,258,338
47638,11,3,223,338
47669,11,3,949,340
47680,11,3,257,362
47698,11,3,950,342
47706,11,3,255,342
47709,11,3,226,360
47730,11,3,951,359
47734,11,3,225,362
47735,11,3,256,360
47744,11,3,24,342
47748,11,3,950,340
47760,11,3,257,359
47772,11,4,223,507
47783,11,4,221,381
47855,11,4,224,382
47856,11,4,225,507
47869,11,4,505,375
47874,11,4,256,382
47906,11,4,950,375
47929,11,5,996,1342
47955,11,6,10,15
47973,11,6,991,16
47976,11,6,221,16
47987,11,7,221,3
48003,11,7,216,33
48029,11,8,258,1702
48087,11,8,255,369
48192,11,8,950,387
48219,11,8,222,363
48223,11,8,24,370
48269,11,8,949,368
48283,11,8,986,1675
48297,11,8,505,391
48348,11,8,952,1699
48357,11,8,226,364
48386,11,8,255,389
48401,11,8,258,1674
48449,11,8,984,388
48454,11,8,10,1698
48472,11,8,990,863
48536,11,8,255,389
48590,11,8,256,1673
48603,11,8,256,368
48609,11,8,986,1703
48617,11,8,256,1675
48618,11,8,24,1698
48619,11,8,255,368
48657,11,9,1626,1336
48666,11,9,221,165
48674,11,9,987,176
48689,11,9,223,1339
48706,11,9,951,1332
48710,11,9,26,1183
48713,11,9,1578,1337
48743,11,10,985,1181
48758,11,10,222,23
48759,11,10,985,167
48769,11,10,949,175
48811,11,10,949,1628
48879,11,11,996,952
48890,11,11,1626,985
48904,11,11,257,24
48927,11,11,223,10
48934,11,11,1626,951
48938,11,11,10,984
48965,11,11,984,258
48988,11,12,216,39
48991,11,12,24,62
48994,11,12,1578,1715
49013,11,12,986,323
49056,11,16,258,285
49073,11,16,952,280
49076,11,16,984,277
49078,11,16,24,264
49081,11,16,991,284
49154,11,18,259,103
49163,11,18,256,1689
49218,11,20,26,79
49221,11,20,221,79
49239,11,21,1626,55
49252,11,21,949,1657
49270,11,21,996,955
49313,11,21,984,55
49353,11,21,1578,1650
49359,11,21,24,399
49388,11,21,986,954
49460,11,21,256,1655
49462,11,21,950,42
49474,11,21,990,399
49487,11,21,991,982
49519,11,21,986,1657
49570,11,21,255,57
49575,11,21,10,1657
49577,11,21,223,954
49625,11,22,10,231
49658,11,22,949,228
49667,11,22,258,250
49678,11,22,984,250
49681,11,22,26,502
49742,11,22,259,252
49747,11,22,996,253
49749,11,22,257,252
49775,11,22,222,501
49813,11,23,996,188
49829,11,23,985,767
49837,11,23,984,185
49843,11,23,985,187
49863,11,23,949,53
49882,11,23,985,1651
49901,11,23,224,767
49903,11,23,258,181
49954,11,23,1578,184
49964,11,23,986,45
49967,11,23,226,186
49968,11,23,24,157
49983,11,23,257,767
49999,11,23,989,768
50071,11,23,991,740
50096,11,23,221,187
50103,11,24,255,1662
50158,11,24,259,411
50159,11,24,985,459
50171,11,24,987,410
50191,11,24,952,460
50199,11,24,949,1669
50220,11,24,258,1670
50228,11,24,986,460
50233,11,24,952,1665
50235,11,24,984,1662
50384,11,25,255,71
50388,11,25,985,101
50404,11,25,991,299
50417,11,25,950,335
50426,11,25,216,70
50430,11,25,986,70
50448,11,25,258,101
50453,11,25,216,378
50498,11,25,223,334
50510,11,26,996,379
50512,11,26,991,308
50518,11,26,10,329
50523,11,26,989,330
50572,11,26,987,328
50573,11,26,10,305
50586,11,26,256,306
50600,11,26,949,307
50645,11,26,989,92
50650,11,26,226,93
50660,11,26,216,96
50671,11,26,951,97
50695,11,26,258,304
50739,11,26,985,304
50756,11,26,984,73
50759,11,26,990,305
50776,11,26,26,76
50802,11,26,952,377
50878,11,27,256,208
50900,11,27,26,209
50921,11,27,224,204
50939,11,27,952,195
50971,12,1,62,1695
51009,12,1,37,506
51010,12,1,309,506
51015,12,1,36,1677
51044,12,1,323,376
51115,12,2,323,861
51153,12,2,36,1692
51238,12,4,61,374
51249,12,5,309,1328
51265,12,6,323,948
51273,12,7,1715,66
51320,12,8,309,1696
51329,12,8,309,1699
51333,12,8,61,1675
51357,12,8,61,1675
51379,12,8,323,1703
51386,12,8,39,369
51439,12,8,323,863
51444,12,9,324,1333
51476,12,9,309,1336
51493,12,10,62,117
51495,12,10,62,1182
51526,12,11,61,986
51528,12,11,63,221
51544,12,11,1720,216
51633,12,21,1720,41
51637,12,21,323,1650
51665,12,21,62,54
51706,12,21,61,953
51713,12,21,60,54
51737,12,22,62,503
51761,12,22,63,252
51819,12,23,1720,769
51865,12,23,61,156
51892,12,23,38,181
51907,12,24,38,1666
51912,12,24,38,1670
51922,12,25,38,101
51953,12,25,36,332
51964,12,26,1720,74
51980,12,26,1720,328
51985,12,26,324,308
51996,12,26,324,96
52016,12,26,63,72
52069,13,1,995,380
52104,13,4,993,374
52142,13,9,392,1162
52146,13,9,541,1332
52181,13,16,87,273
52182,13,16,86,280
52206,13,21,993,980
52210,13,21,1071,43
52223,13,22,1071,231
52262,13,25,84,301
52264,13,25,508,98
52266,13,25,337,70
52283,13,26,995,93
52294,15,1,1273,1678
52304,15,1,943,380
52331,15,2,385,1679
52355,15,4,545,542
52378,15,8,943,387
52382,15,8,866,1673
52396,15,8,944,386
52400,15,8,385,1270
52419,15,10,371,166
52441,15,13,385,83
52461,15,18,1273,109
52462,15,19,371,1571
52463,15,19,371,1571
52470,15,20,944,81
52475,15,21,944,1647
52486,15,21,1326,953
52509,15,22,1271,51
52537,15,24,545,1718
52621,16,1,288,1678
52633,16,1,294,1677
52647,16,1,264,1677
52655,16,1,775,215
52687,16,1,293,506
52712,16,1,289,1678
52720,16,1,289,1694
52724,16,1,270,1694
52768,16,2,856,1692
52776,16,2,288,295
52790,16,2,350,1679
52807,16,2,282,1679
52813,16,2,286,353
52882,16,2,285,357
52889,16,2,275,261
52892,16,3,273,341
52899,16,3,287,361
52922,16,3,774,360
52984,16,4,265,375
52993,16,5,774,1329
53003,16,5,775,1690
53009,16,5,773,1345
53018,16,6,286,28
53020,16,6,289,15
53022,16,6,773,27
53067,16,8,265,391
53078,16,8,290,1702
53098,16,8,280,369
53129,16,8,284,1673
53155,16,8,275,387
53156,16,8,348,1698
53173,16,8,857,387
53182,16,8,776,1701
53218,16,8,285,390
53220,16,8,858,1673
53248,16,9,348,1336
53342,16,9,273,1340
53369,16,10,274,139
53389,16,10,262,174
53391,16,10,271,321
53417,16,11,263,226
53418,16,11,290,222
53445,16,11,271,26
53471,16,11,284,257
53475,16,12,274,309
53484,16,12,350,1720
53495,16,13,263,84
53520,16,16,859,288
53576,16,16,860,348
53594,16,16,267,290
53607,16,18,270,169
53657,16,20,271,81
53673,16,21,352,43
53698,16,21,262,955
53701,16,21,275,953
53715,16,21,274,981
53772,16,21,288,1650
53818,16,21,262,1653
53838,16,22,282,251
53887,16,22,289,502
53917,16,22,287,228
53937,16,23,273,1651
53956,16,23,275,183
53958,16,23,285,767
53976,16,23,270,53
53978,16,23,860,186
53999,16,23,773,741
54066,16,24,262,1660
54095,16,24,351,412
54118,16,24,292,1670
54134,16,24,276,412
54136,16,24,271,1668
54165,16,25,859,71
54189,16,25,773,67
54202,16,25,265,334
54207,16,25,351,69
54259,16,26,856,76
54262,16,26,265,329
54268,16,26,291,75
54279,16,26,350,94
54305,16,26,272,73
54316,16,26,776,326
54318,16,26,348,306
54321,16,26,282,330
54329,16,26,281,97
54332,16,26,291,377
54337,16,26,262,325
54356,16,27,273,207
54403,16,27,859,192
54420,16,1,293,1
54424,16,1,267,1677
54441,16,1,267,506
54452,16,1,267,1677
54490,16,2,267,345
54509,16,2,267,357
54518,16,2,267,346
54536,16,3,267,359
54550,16,4,267,381
54556,16,5,267,1328
54587,16,8,267,1696
54622,16,8,267,366
54632,16,8,267,387
54634,16,8,267,370
54674,16,9,267,1268
54714,16,11,267,24
54752,16,16,267,274
54781,16,18,267,107
54794,16,19,267,1584
54796,16,19,267,236
54803,16,20,272,88
54834,16,21,267,42
54877,16,22,267,228
54895,16,22,267,501
54909,16,23,267,157
54912,16,23,267,46
54914,16,23,267,185
54919,16,23,267,964
54925,16,23,267,740
54989,16,25,267,298
54990,16,25,267,71
55003,16,25,267,102
55012,16,26,267,327
55025,16,26,267,326
55026,16,26,267,72
55049,16,26,267,327
55058,16,26,267,377
55078,16,27,267,203
55165,18,3,146,358
55178,18,4,1580,375
55239,18,8,172,1703
55250,18,8,153,1675
55252,18,8,1509,1673
55253,18,8,150,369
55258,18,9,171,1337
55285,18,10,1509,1627
55296,18,11,110,990
55334,18,16,219,271
55339,18,16,172,273
55340,18,16,109,856
55393,18,21,1179,1647
55399,18,21,1509,57
55426,18,22,151,252
55435,18,22,218,467
55442,18,23,1625,767
55456,18,23,150,768
55481,18,24,1574,1667
55484,18,24,172,459
55485,18,24,217,1667
55512,18,25,169,100
55514,18,25,171,71
55542,18,26,220,96
55550,18,26,1689,327
55575,19,1,958,215
55581,19,1,239,1678
55644,19,1,249,1678
55647,19,2,249,1692
55648,19,2,1685,355
55663,19,2,1570,1681
55671,19,2,241,1681
55701,19,2,1624,353
55741,19,4,235,375
55767,19,5,241,1329
55836,19,8,1684,1702
55845,19,8,1688,365
55856,19,8,1622,1676
55861,19,8,1684,367
55873,19,8,1583,1675
55895,19,9,1585,163
55938,19,10,249,21
55957,19,10,1572,13
55968,19,11,238,24
55986,19,11,233,991
55987,19,11,239,990
55992,19,11,1572,990
55997,19,12,241,37
56015,19,16,1510,857
56050,19,16,1686,267
56075,19,19,1583,1570
56133,19,21,234,981
56154,19,21,238,955
56163,19,21,234,983
56195,19,22,958,227
56198,19,22,1570,51
56217,19,23,1512,183
56225,19,23,1622,741
56227,19,23,1583,183
56253,19,23,1685,181
56275,19,23,1570,183
56282,19,24,1585,1661
56302,19,24,248,1661
56381,19,26,1688,96
56395,19,26,236,96
56460,20,1,510,1694
56485,20,1,81,215
56503,20,1,88,1678
56595,20,6,79,27
56600,20,7,80,1714
56619,20,8,80,391
56625,20,8,88,1697
56627,20,8,509,1675
56650,20,8,79,1701
56661,20,8,88,391
56677,20,9,80,1341
56698,20,9,79,1160
56717,20,10,90,316
56729,20,11,90,505
56739,20,11,510,985
56754,20,15,79,1272
56776,20,16,88,271
56782,20,16,88,267
56794,20,19,80,248
56801,20,19,80,1512
56856,20,21,510,953
56871,20,22,509,467
56941,20,24,80,1665
56953,20,24,81,1718
56961,20,24,80,411
57006,20,26,510,305
57019,20,26,80,305
57021,20,26,81,330
57024,20,26,79,95
57025,20,26,510,329
57045,20,27,539,207
57053,20,27,79,401
57151,21,1,1654,1678
57152,21,1,398,1678
57159,21,1,1648,1
57179,21,1,1654,1
57193,21,1,982,1677
57196,21,1,54,1678
57198,21,1,397,215
57230,21,1,956,215
57264,21,1,1649,1695
57271,21,1,1653,1
57301,21,1,955,1
57324,21,1,1657,215
57360,21,1,1649,1
57404,21,1,43,1677
57459,21,1,1654,1677
57480,21,1,1653,1678
57481,21,1,1655,506
57510,21,1,399,1677
57520,21,1,54,380
57581,21,1,57,1695
57584,21,1,953,376
57585,21,1,56,215
57611,21,1,44,1
57634,21,1,983,376
57679,21,1,1650,215
57682,21,1,982,380
57713,21,1,55,376
57722,21,1,397,506
57753,21,1,400,1695
57813,21,1,983,1695
57834,21,1,56,376
57841,21,1,983,1694
57869,21,1,1655,1
57872,21,1,44,1677
57903,21,1,41,1694
57921,21,1,1657,1677
57927,21,1,58,1677
58009,21,1,956,1694
58020,21,1,982,506
58057,21,1,41,1695
58060,21,1,981,1695
58061,21,1,399,1
58063,21,1,1653,215
58095,21,1,43,380
58097,21,1,1657,215
58100,21,1,400,1695
58101,21,1,398,506
58113,21,1,399,1695
58129,21,1,43,1
58168,21,1,1657,1678
58203,21,1,41,1
58204,21,1,1655,1695
58218,21,1,1649,1677
58231,21,1,983,215
58256,21,1,982,1694
58283,21,1,983,1
58285,21,1,57,376
58299,21,1,400,376
58312,21,1,1648,1677
58365,21,1,44,506
58375,21,1,42,506
58436,21,1,54,506
58476,21,2,58,1692
58514,21,2,1654,344
58543,21,2,43,347
58565,21,2,397,1692
58574,21,2,956,1691
58588,21,2,56,345
58589,21,2,1655,347
58619,21,2,953,343
58642,21,2,980,357
58645,21,2,399,356
58661,21,2,399,345
58700,21,2,956,295
58716,21,2,55,357
58722,21,2,956,1691
58751,21,2,1648,343
58755,21,2,956,1691
58763,21,2,41,1681
58789,21,2,43,1680
58793,21,2,983,1692
58795,21,2,980,353
58815,21,2,58,261
58846,21,2,981,295
58874,21,2,953,344
58883,21,2,54,1691
58887,21,2,56,343
58895,21,2,1655,343
58913,21,2,1649,343
58937,21,2,1655,295
58945,21,2,397,343
58958,21,2,42,1681
58979,21,2,1653,261
58994,21,2,983,343
59004,21,2,397,1679
59034,21,2,57,1681
59048,21,2,983,357
59054,21,2,982,355
59082,21,2,980,354
59085,21,2,982,346
59086,21,2,54,353
59103,21,2,1656,295
59116,21,2,55,772
59139,21,2,55,357
59187,21,2,1646,356
59205,21,2,42,1681
59214,21,2,981,861
59231,21,2,43,1693
59322,21,2,1647,344
59324,21,2,983,356
59328,21,2,956,353
59337,21,2,1648,1681
59386,21,2,54,356
59396,21,2,398,1691
59416,21,2,1653,295
59424,21,2,980,355
59458,21,2,397,861
59474,21,2,1653,356
59484,21,2,1655,354
59520,21,2,1653,354
59527,21,2,1648,861
59530,21,2,1646,861
59546,21,2,398,357
59553,21,2,55,354
59563,21,2,43,357
59650,21,2,400,346
59670,21,2,954,1681
59676,21,2,44,346
59773,21,3,42,341
59828,21,3,955,360
59833,21,3,54,360
59834,21,3,1654,362
59840,21,3,397,362
59892,21,3,42,340
59937,21,3,43,339
59941,21,3,44,362
59970,21,3,1650,358
59995,21,3,1646,362
60015,21,3,955,340
60024,21,3,980,359
60040,21,3,399,360
60050,21,3,1646,340
60090,21,3,399,361
60109,21,3,41,338
60127,21,3,982,359
60135,21,3,1655,358
60144,21,3,1648,362
60160,21,3,982,339
60189,21,4,43,382
60202,21,4,57,381
60261,21,4,1653,374
60272,21,4,42,375
60299,21,4,397,374
60306,21,4,43,542
60372,21,4,956,375
60387,21,4,1647,381
60409,21,4,41,542
60433,21,4,55,507
60440,21,4,1647,374
60463,21,4,398,375
60482,21,4,956,375
60520,21,4,982,381
60537,21,4,54,542
60539,21,4,56,375
60551,21,4,982,374
60565,21,5,1655,1331
60635,21,5,54,1342
60655,21,5,43,1682
60686,21,5,397,1328
60737,21,6,954,20
60741,21,6,1657,1630
60748,21,6,953,948
60782,21,6,56,18
60792,21,7,57,310
60795,21,7,956,65
60812,21,7,983,310
60870,21,7,57,1713
60874,21,8,981,1698
60884,21,8,56,366
60917,21,8,982,1674
60929,21,8,983,390
60931,21,8,982,365
60941,21,8,1646,369
60953,21,8,1656,365
60955,21,8,398,364
60989,21,8,1654,370
60991,21,8,399,366
61006,21,8,1655,1699
61008,21,8,954,364
61039,21,8,55,387
61045,21,8,956,1697
61059,21,8,57,389
61063,21,8,983,1270
61111,21,8,980,390
61115,21,8,58,390
61127,21,8,398,391
61143,21,8,981,389
61180,21,8,43,1674
61190,21,8,399,1675
61224,21,8,1653,363
61230,21,8,954,386
61245,21,8,43,1675
61247,21,8,55,1673
61263,21,8,1648,1675
61269,21,8,1655,1696
61278,21,8,956,389
61289,21,8,43,1701
61318,21,8,1650,1675
61339,21,8,58,1270
61353,21,8,399,1674
61355,21,8,956,391
61357,21,8,56,1696
61373,21,8,953,1703
61406,21,8,1653,390
61424,21,8,397,1700
61434,21,8,56,388
61444,21,8,55,390
61470,21,8,956,1701
61473,21,8,1649,1327
61538,21,8,57,368
61581,21,8,399,863
61639,21,8,1655,1699
61641,21,8,981,365
61695,21,8,956,364
61710,21,8,1655,1675
61725,21,8,398,1674
61759,21,8,1653,367
61781,21,8,43,1697
61784,21,8,57,390
61785,21,8,399,366
61787,21,8,982,863
61800,21,8,1649,1675
61845,21,8,1654,364
61893,21,8,1648,365
61908,21,8,982,386
61917,21,8,42,365
61977,21,9,1650,1162
61983,21,9,41,1338
61984,21,9,42,1180
62005,21,9,956,1337
62040,21,9,1649,1336
62055,21,9,956,1183
62080,21,9,1647,176
62084,21,9,1653,1332
62088,21,9,43,1336
62099,21,9,58,1340
62136,21,9,954,1333
62137,21,9,1647,1334
62165,21,9,399,1335
62168,21,9,1656,1333
62211,21,9,1657,165
62239,21,9,980,1268
62322,21,9,44,1162
62377,21,9,58,1341
62380,21,9,56,1160
62410,21,9,1648,164
62412,21,9,956,1162
62422,21,9,41,1340
62433,21,9,1654,177
62485,21,9,55,1335
62499,21,10,956,1181
62513,21,10,398,22
62519,21,10,398,139
62562,21,10,399,112
62564,21,10,58,115
62577,21,10,981,8
62580,21,10,58,161
62586,21,10,399,320
62587,21,10,1653,21
62594,21,10,1657,315
62635,21,10,981,174
62678,21,10,953,175
62681,21,10,1656,1575
62716,21,10,54,315
62721,21,10,397,113
62728,21,11,1650,996
62759,21,11,1646,216
62812,21,11,1648,986
62841,21,11,1646,990
62867,21,11,1653,223
62873,21,11,56,216
62915,21,11,55,950
62922,21,11,1656,258
62925,21,11,57,986
62933,21,11,953,257
62941,21,11,1650,985
62949,21,11,41,24
62974,21,11,399,10
62975,21,11,42,24
63005,21,11,397,221
63142,21,12,981,324
63179,21,12,980,323
63196,21,12,1649,1715
63234,21,13,983,82
63236,21,13,983,83
63291,21,16,44,267
63322,21,16,44,280
63353,21,16,1647,350
63389,21,16,42,774
63411,21,16,1650,775
63417,21,16,1655,281
63433,21,16,400,267
63441,21,16,955,267
63445,21,16,398,267
63483,21,16,44,267
63505,21,18,1657,149
63506,21,18,983,110
63513,21,18,1647,169
63543,21,19,400,242
63547,21,19,1657,1622
63564,21,19,55,247
63565,21,19,1646,1511
63583,21,19,399,232
63585,21,19,1650,243
63601,21,19,55,1581
63623,21,20,983,510
63662,21,21,400,955
63674,21,21,42,1657
63700,21,21,43,955
63726,21,21,398,980
63768,21,21,54,57
63770,21,21,1646,956
63783,21,21,400,980
63816,21,21,1649,954
63865,21,21,954,58
63901,21,21,58,953
63907,21,21,955,399
63913,21,21,981,57
63918,21,21,953,57
63919,21,21,55,42
63934,21,21,58,954
63937,21,21,1654,953
63954,21,22,1653,502
63955,21,22,1649,231
63969,21,22,983,48
64020,21,22,397,467
64029,21,22,955,502
64032,21,22,54,501
64042,21,22,954,468
64068,21,22,58,227
64074,21,22,1648,50
64082,21,22,56,51
64088,21,22,44,228
64106,21,23,43,187
64110,21,23,56,159
64141,21,23,982,767
64155,21,23,55,156
64177,21,23,57,188
64179,21,23,982,160
64184,21,23,1657,45
64193,21,23,983,155
64217,21,23,54,766
64245,21,23,42,53
64309,21,23,57,1651
64310,21,23,953,964
64329,21,24,398,460
64337,21,24,54,1662
64419,21,24,953,1666
64451,21,24,42,1662
64473,21,24,1654,1665
64484,21,24,980,1668
64488,21,24,399,1660
64494,21,24,1655,1661
64532,21,24,42,1661
64541,21,24,1655,1663
64545,21,24,955,460
64566,21,24,1646,1661
64605,21,24,1648,1667
64632,21,24,58,1670
64645,21,24,956,1665
64654,21,24,954,1667
64680,21,24,42,1661
64681,21,24,954,1662
64683,21,24,1649,1661
64691,21,24,982,1662
64692,21,24,58,1667
64725,21,24,954,1718
64734,21,24,1649,1718
64777,21,24,1646,1665
64793,21,24,983,1665
64794,21,24,1650,460
64816,21,24,1650,1665
64834,21,24,400,412
64836,21,24,1654,460
64841,21,24,981,1666
64855,21,24,1647,1718
64866,21,24,1655,1667
64870,21,24,953,411
64887,21,24,1655,1718
64900,21,24,55,460
64901,21,24,56,412
64911,21,25,1647,334
64941,21,25,54,300
64987,21,25,397,99
64989,21,25,399,333
65026,21,25,981,404
65039,21,25,1649,334
65040,21,25,983,333
65065,21,25,41,300
65071,21,25,1646,331
65120,21,25,44,332
65228,21,25,43,67
65243,21,25,1649,298
65252,21,25,1648,333
65312,21,25,1646,378
65339,21,26,1656,74
65358,21,26,400,77
65371,21,26,41,328
65373,21,26,1656,76
65387,21,26,398,327
65418,21,26,54,76
65458,21,26,956,96
65462,21,26,42,307
65476,21,26,954,379
65482,21,26,954,330
65509,21,26,56,326
65550,21,26,54,95
65593,21,26,41,72
65596,21,26,1656,326
65603,21,26,43,95
65608,21,26,43,95
65619,21,26,1653,330
65675,21,26,980,307
65682,21,26,954,92
65756,21,26,1649,308
65797,21,26,44,303
65809,21,26,1647,76
65849,21,26,981,93
65897,21,26,1647,76
65910,21,26,44,74
65935,21,26,1656,76
65948,21,26,956,326
65957,21,26,1649,327
65985,21,26,1648,308
65994,21,26,954,304
66032,21,27,43,200
66035,21,27,1647,393
66048,21,27,982,193
66064,21,27,56,212
66072,21,27,1654,191
66095,21,27,1647,191
66104,21,27,400,402
66110,21,27,1646,208
66127,21,27,983,409
66167,21,27,1648,201
66207,21,27,1650,205
66228,21,27,1654,401
66231,21,27,398,463
66250,21,27,1656,210
66254,21,27,981,202
66256,21,27,1650,1672
66280,21,27,980,401
66296,21,27,953,196
66302,21,27,1646,212
66308,21,27,397,464
66314,21,27,58,393
66318,21,27,41,194
66327,21,27,399,402
66335,21,27,1654,190
66408,22,1,49,1677
66412,22,1,501,1
66441,22,1,468,1
66503,22,1,466,1678
66523,22,1,501,215
66553,22,1,51,1677
66559,22,1,229,506
66570,22,1,252,1678
66600,22,1,253,506
66608,22,1,230,506
66650,22,1,465,1695
66657,22,1,466,1677
66663,22,1,48,1694
66664,22,1,468,1
66768,22,1,228,1678
66815,22,1,251,1694
66841,22,1,503,1677
66873,22,1,228,215
66877,22,1,253,1695
66885,22,1,252,1694
66937,22,1,502,506
66938,22,1,465,506
66963,22,1,50,506
67078,22,1,231,506
67102,22,1,48,1694
67105,22,1,465,215
67166,22,2,252,861
67184,22,2,229,354
67194,22,2,49,295
67298,22,2,254,347
67315,22,2,49,1691
67331,22,2,227,772
67368,22,2,231,354
67430,22,2,253,1692
67442,22,2,251,772
67465,22,2,228,347
67541,22,2,466,1692
67569,22,2,50,1680
67637,22,2,251,861
67640,22,2,465,343
67645,22,2,229,1693
67653,22,2,251,772
67662,22,2,50,1681
67664,22,2,250,347
67698,22,2,503,295
67699,22,2,253,355
67703,22,2,229,357
67721,22,2,502,1679
67772,22,2,253,353
67797,22,3,503,358
67806,22,3,51,341
67851,22,3,501,360
67900,22,3,253,342
67927,22,3,227,359
67941,22,3,231,358
67951,22,3,250,341
68001,22,3,50,362
68006,22,3,465,342
68008,22,3,252,339
68018,22,3,227,342
68053,22,4,466,374
68062,22,4,230,542
68064,22,4,253,382
68076,22,4,49,375
68096,22,4,48,382
68110,22,4,231,507
68118,22,4,49,542
68134,22,4,48,507
68162,22,4,48,382
68194,22,4,49,375
68199,22,4,465,507
68209,22,4,49,507
68238,22,5,467,1343
68243,22,5,501,1342
68244,22,5,51,1342
68249,22,5,254,1342
68261,22,5,227,1328
68289,22,5,251,1682
68340,22,6,229,27
68388,22,7,50,64
68398,22,8,501,367
68404,22,8,230,389
68412,22,8,502,386
68428,22,8,254,1697
68465,22,8,465,1703
68481,22,8,465,365
68542,22,8,231,862
68571,22,8,251,388
68583,22,8,465,1703
68585,22,8,254,1696
68643,22,8,250,388
68674,22,8,231,1702
68676,22,8,230,367
68736,22,8,50,391
68743,22,8,230,1703
68755,22,8,227,364
68770,22,8,466,1701
68806,22,8,252,363
68816,22,8,228,1675
68818,22,8,504,370
68825,22,8,231,1697
68853,22,8,254,1674
68870,22,8,254,389
68910,22,8,254,386
68923,22,8,229,1675
68925,22,8,250,862
68934,22,8,231,862
69004,22,9,231,144
69062,22,9,229,1340
69066,22,9,231,164
69068,22,9,468,1161
69079,22,9,468,1161
69084,22,9,48,1161
69085,22,9,228,1337
69115,22,9,50,1340
69120,22,9,50,165
69137,22,9,254,1340
69206,22,9,466,1335
69213,22,9,503,1162
69227,22,9,51,1161
69262,22,10,468,8
69277,22,10,231,8
69289,22,10,468,141
69303,22,10,467,175
69310,22,10,503,1269
69341,22,10,227,161
69354,22,10,49,114
69392,22,11,504,949
69407,22,11,48,222
69411,22,11,231,216
69416,22,11,48,224
69425,22,11,253,216
69449,22,11,501,259
69470,22,11,504,996
69478,22,11,501,950
69508,22,11,50,1626
69515,22,11,48,986
69516,22,11,50,1626
69546,22,11,231,987
69580,22,12,49,1715
69658,22,16,50,860
69661,22,16,466,289
69689,22,16,502,291
69770,22,18,50,217
69876,22,21,51,54
69877,22,21,468,54
69878,22,21,253,1657
69884,22,21,504,1653
69890,22,21,50,1647
69908,22,21,503,398
69924,22,21,501,57
69949,22,21,502,956
69960,22,21,502,44
69984,22,21,230,955
70026,22,22,254,50
70045,22,22,502,229
70049,22,22,252,502
70058,22,22,50,230
70072,22,23,504,766
70076,22,23,229,184
70080,22,23,51,186
70099,22,23,48,158
70119,22,23,48,740
70147,22,23,231,53
70169,22,23,51,766
70191,22,23,229,184
70251,22,24,503,1665
70273,22,24,467,1664
70289,22,24,466,1662
70297,22,24,51,1667
70309,22,24,250,1666
70398,22,24,253,1668
70407,22,24,468,1669
70417,22,24,503,1663
70421,22,24,501,1663
70474,22,24,50,1665
70488,22,24,465,1718
70511,22,25,48,302
70558,22,25,250,99
70563,22,25,49,300
70577,22,25,502,298
70578,22,25,504,68
70582,22,25,50,67
70588,22,25,254,71
70605,22,25,49,98
70606,22,25,468,71
70610,22,25,48,70
70615,22,25,230,68
70624,22,25,251,302
70656,22,25,229,335
70703,22,25,254,98
70707,22,26,252,379
70731,22,26,468,329
70760,22,26,252,76
70764,22,26,504,75
70770,22,26,250,328
70775,22,26,465,76
70790,22,26,502,307
70827,22,26,251,325
70891,22,26,501,92
70907,22,26,467,325
70913,22,26,229,330
70918,22,26,254,329
70921,22,26,231,303
70926,22,26,48,304
70935,22,26,466,308
70962,22,26,503,77
70970,22,26,465,305
70986,22,26,252,377
70997,22,26,228,377
70999,22,26,48,304
71008,22,26,231,77
71009,22,26,468,325
71028,22,26,251,74
71125,22,27,252,211
71151,22,27,468,1716
71157,22,27,51,395
71201,22,27,49,401
71222,22,27,230,1716
71240,22,27,49,394
71285,23,1,1651,506
71286,23,1,154,1678
71334,23,1,769,215
71337,23,1,45,380
71370,23,1,182,1
71375,23,1,52,215
71384,23,1,766,1695
71385,23,1,770,215
71390,23,1,47,506
71420,23,1,185,1694
71422,23,1,184,506
71479,23,1,158,1694
71507,23,1,187,1677
71517,23,1,1651,376
71539,23,1,45,1
71540,23,1,181,1695
71541,23,1,766,1694
71551,23,1,45,380
71561,23,1,188,376
71564,23,1,183,506
71611,23,1,741,1678
71624,23,1,766,1694
71626,23,1,47,1
71650,23,1,185,1678
71651,23,1,741,376
71662,23,1,157,1678
71676,23,1,1651,506
71689,23,1,159,1694
71693,23,1,186,1695
71734,23,1,186,1677
71743,23,1,47,1678
71765,23,1,53,506
71771,23,1,181,380
71788,23,1,766,1
71833,23,1,188,1695
71845,23,1,45,1694
71846,23,1,185,1695
71857,23,1,769,1677
71869,23,1,181,1694
71883,23,1,47,1
71926,23,1,47,376
71931,23,1,47,1
71945,23,1,159,1694
71957,23,1,45,380
71966,23,1,52,1678
71987,23,1,1651,506
72021,23,1,769,1695
72029,23,1,187,1
72036,23,1,45,1678
72061,23,1,184,1
72066,23,1,181,1678
72067,23,1,53,1695
72085,23,1,45,376
72091,23,1,187,380
72116,23,1,767,1695
72134,23,1,1652,376
72151,23,1,47,1
72156,23,1,181,1695
72176,23,1,740,1695
72183,23,1,741,1
72194,23,1,157,1677
72205,23,1,188,1
72206,23,1,156,1677
72254,23,1,188,506
72260,23,1,46,215
72277,23,1,154,1677
72301,23,1,45,376
72307,23,1,187,1695
72336,23,1,185,1695
72348,23,1,1651,1695
72411,23,1,188,1677
72436,23,2,53,345
72489,23,2,741,345
72513,23,2,53,355
72514,23,2,187,295
72524,23,2,155,772
72554,23,2,741,1681
72590,23,2,154,1680
72597,23,2,47,354
72599,23,2,185,345
72602,23,2,741,772
72629,23,2,742,355
72657,23,2,741,1692
72663,23,2,185,353
72699,23,2,1651,355
72724,23,2,160,295
72778,23,2,159,261
72782,23,2,740,1680
72795,23,2,157,295
72799,23,2,154,1693
72810,23,2,155,345
72812,23,2,159,356
72833,23,2,45,1680
72876,23,2,770,357
72905,23,2,769,861
73005,23,2,154,353
73065,23,2,188,345
73069,23,2,159,357
73075,23,2,52,1691
73115,23,2,181,346
73147,23,2,183,357
73172,23,2,769,1679
73191,23,2,158,1681
73195,23,2,160,861
73224,23,2,181,1692
73241,23,2,1651,1692
73247,23,2,159,1681
73266,23,2,157,353
73272,23,2,154,1693
73278,23,2,159,357
73283,23,2,186,345
73305,23,2,741,295
73307,23,2,187,347
73315,23,2,53,1680
73323,23,2,187,343
73325,23,2,187,356
73339,23,2,768,1679
73373,23,2,47,261
73396,23,2,155,353
73403,23,2,1652,261
73437,23,3,154,339
73490,23,3,46,362
73522,23,3,156,362
73525,23,3,740,340
73539,23,3,183,359
73547,23,3,160,340
73599,23,3,181,342
73626,23,3,1652,338
73662,23,3,742,361
73663,23,3,155,339
73664,23,3,182,341
73665,23,3,154,358
73676,23,3,1651,341
73683,23,3,770,339
73689,23,3,182,339
73708,23,3,154,358
73709,23,3,769,361
73716,23,3,157,359
73735,23,3,184,361
73757,23,3,767,340
73780,23,3,187,341
73787,23,3,766,339
73809,23,4,154,381
73832,23,4,155,375
73854,23,4,1651,381
73855,23,4,157,542
73872,23,4,188,375
73884,23,4,158,507
73926,23,4,1651,374
73935,23,4,768,382
73936,23,4,186,375
73948,23,4,770,381
73980,23,4,155,375
74005,23,4,740,542
74020,23,4,1651,381
74023,23,4,1651,542
74035,23,4,156,381
74047,23,4,741,507
74060,23,4,52,542
74064,23,4,767,542
74115,23,5,157,1690
74122,23,5,188,1329
74123,23,5,742,1344
74138,23,5,769,1343
74145,23,5,187,1330
74152,23,5,770,1690
74195,23,5,184,1344
74200,23,5,1651,1331
74203,23,5,1652,1331
74257,23,6,187,1508
74287,23,6,186,7
74292,23,6,52,15
74296,23,7,46,34
74305,23,7,183,31
74322,23,7,185,1712
74335,23,7,182,65
74345,23,7,154,65
74364,23,8,185,388
74366,23,8,183,1676
74430,23,8,182,391
74433,23,8,52,1697
74523,23,8,188,1270
74532,23,8,1652,388
74556,23,8,767,1696
74559,23,8,185,862
74567,23,8,1651,386
74568,23,8,154,366
74582,23,8,741,864
74590,23,8,1652,1697
74604,23,8,1652,864
74608,23,8,52,1676
74620,23,8,45,1702
74659,23,8,156,1698
74664,23,8,1652,863
74675,23,8,53,1675
74737,23,8,159,368
74743,23,8,1652,387
74775,23,8,158,364
74787,23,8,187,387
74807,23,8,768,390
74824,23,8,767,1698
74825,23,8,767,1696
74852,23,8,181,363
74893,23,8,184,367
74912,23,8,156,1673
74937,23,8,183,1697
74943,23,8,1652,369
74976,23,8,770,1676
74978,23,8,182,1702
74987,23,8,769,1696
75007,23,8,53,1700
75016,23,8,188,370
75120,23,8,47,1700
75135,23,8,188,1676
75140,23,8,154,390
75148,23,8,768,1703
75158,23,8,187,1270
75161,23,8,769,366
75166,23,8,154,366
75179,23,8,46,364
75213,23,8,766,387
75216,23,8,1652,1702
75220,23,8,158,387
75232,23,9,768,1163
75235,23,9,47,1336
75257,23,9,183,1183
75283,23,9,740,1162
75296,23,9,52,1162
75301,23,9,186,144
75305,23,9,740,1162
75308,23,9,46,1336
75324,23,9,768,165
75329,23,9,769,177
75414,23,9,160,1339
75433,23,9,184,1333
75436,23,9,186,177
75446,23,9,741,1162
75448,23,9,181,163
75485,23,9,154,1337
75511,23,9,186,1333
75532,23,9,770,163
75573,23,9,156,177
75590,23,9,742,1333
75599,23,9,182,1268
75606,23,9,183,1162
75620,23,9,45,1333
75697,23,10,187,1627
75711,23,10,740,179
75749,23,10,160,9
75756,23,10,183,112
75763,23,10,52,162
75768,23,10,155,167
75774,23,10,183,1628
75801,23,10,767,111
75839,23,10,155,162
75887,23,11,159,1626
75890,23,11,769,996
75914,23,11,155,996
75925,23,11,47,989
75931,23,11,46,224
75948,23,11,768,221
75976,23,11,181,952
75994,23,11,155,951
76045,23,11,46,951
76050,23,11,183,225
76086,23,11,1652,221
76090,23,11,157,950
76103,23,11,770,952
76104,23,11,742,224
76122,23,11,740,952
76167,23,12,157,323
76178,23,12,45,37
76195,23,12,182,61
76228,23,12,741,323
76266,23,13,769,83
76284,23,15,53,1324
76302,23,16,156,277
76374,23,16,766,280
76409,23,16,53,351
76505,23,19,1652,233
76524,23,19,47,1687
76545,23,19,156,1511
76549,23,19,156,240
76599,23,20,740,510
76618,23,21,187,1648
76717,23,21,159,42
76727,23,21,740,981
76738,23,21,157,1650
76765,23,21,188,400
76780,23,21,184,44
76847,23,22,183,51
76861,23,22,1651,466
76870,23,22,183,504
76955,23,22,766,250
77031,23,23,182,46
77035,23,23,156,47
77085,23,23,766,157
77104,23,23,52,185
77109,23,23,46,964
77144,23,23,740,46
77222,23,24,155,1662
77234,23,24,187,1664
77259,23,24,741,1669
77262,23,24,182,1667
77296,23,24,742,460
77301,23,24,47,1662
77306,23,24,155,1670
77339,23,24,159,1670
77349,23,24,182,1662
77351,23,24,766,1666
77370,23,24,188,410
77410,23,24,766,1662
77414,23,24,768,1668
77434,23,24,767,1664
77436,23,24,155,410
77445,23,24,741,1664
77456,23,24,183,1666
77481,23,24,185,1668
77484,23,24,184,1670
77488,23,24,1652,1670
77490,23,24,188,1661
77506,23,24,181,1662
77512,23,24,770,1666
77515,23,24,742,1718
77538,23,24,766,412
77571,23,24,47,459
77575,23,24,770,1661
77597,23,24,159,1668
77619,23,25,46,101
77621,23,25,1652,68
77692,23,25,158,334
77722,23,25,183,300
77775,23,25,740,68
77784,23,25,1651,71
77790,23,25,188,298
77798,23,25,45,67
77805,23,25,157,68
77814,23,25,47,302
77863,23,25,47,98
77866,23,25,47,332
77887,23,25,52,100
77895,23,25,46,100
77896,23,25,740,68
77987,23,26,741,74
78084,23,26,741,92
78109,23,26,1651,72
78145,23,26,52,325
78148,23,26,182,77
78193,23,26,766,97
78207,23,26,186,94
78230,23,26,768,73
78244,23,26,52,93
78268,23,26,181,74
78274,23,26,1652,94
78313,23,26,1651,377
78316,23,26,1651,307
78318,23,26,181,307
78324,23,26,188,75
78348,23,26,767,308
78387,23,26,1651,329
78388,23,26,187,305
78415,23,26,1651,97
78426,23,26,766,326
78444,23,26,159,95
78457,23,26,47,75
78473,23,26,159,304
78511,23,26,742,74
78519,23,26,740,304
78576,23,27,184,206
78600,23,27,156,409
78617,23,27,45,211
78618,23,27,181,205
78676,23,27,768,1716
78699,23,27,769,193
78701,23,27,156,200
78724,23,27,159,59
78725,23,27,1652,192
78750,23,27,158,214
78791,23,27,766,197
78799,23,27,188,189
78804,23,27,158,214
78832,24,1,1718,1678
78862,24,1,410,1678
78863,24,1,1660,1695
78878,24,1,1662,1
78882,24,1,1663,1695
78883,24,1,1670,1678
78886,24,1,1662,1678
78894,24,1,1670,1677
78937,24,1,411,506
78964,24,1,1665,1
79007,24,1,1662,1677
79013,24,1,412,1677
79014,24,1,410,1695
79025,24,1,460,506
79042,24,1,1665,1
79070,24,1,1669,1
79103,24,1,1665,1694
79138,24,1,1670,215
79141,24,1,1664,1694
79173,24,1,1663,215
79200,24,1,1664,215
79281,24,1,410,1
79284,24,1,1718,215
79288,24,1,459,1695
79303,24,1,1661,1
79306,24,1,1661,1
79330,24,1,412,1695
79359,24,1,412,215
79397,24,2,1669,346
79462,24,2,1665,261
79496,24,2,1660,357
79519,24,2,1661,354
79556,24,2,1669,1681
79604,24,2,411,1693
79624,24,2,1668,1691
79625,24,2,1662,354
79644,24,2,1667,261
79654,24,2,1666,772
79673,24,2,412,1679
79681,24,2,411,772
79684,24,2,411,353
79686,24,2,1668,1691
79709,24,2,1669,1680
79724,24,2,459,346
79736,24,2,1663,1679
79745,24,2,1667,261
79752,24,2,410,1679
79760,24,2,1669,355
79776,24,2,1666,346
79781,24,2,460,344
79797,24,2,1667,347
79804,24,2,410,353
79839,24,3,1669,359
79845,24,3,459,362
79846,24,3,410,340
79853,24,3,1718,362
79954,24,3,1667,340
79980,24,3,1718,359
80000,24,3,411,339
80019,24,3,1669,338
80026,24,4,1661,375
80045,24,4,1665,381
80066,24,4,1667,375
80069,24,4,1666,375
80070,24,4,1664,381
80083,24,4,460,375
80092,24,4,1660,542
80149,24,4,459,375
80156,24,4,460,375
80157,24,4,410,382
80161,24,4,1660,382
80170,24,5,1662,1690
80196,24,5,460,1329
80199,24,5,459,1331
80257,24,6,1660,16
80260,24,6,411,17
80269,24,7,1669,180
80271,24,7,1665,4
80301,24,7,1670,1712
80311,24,7,1718,180
80315,24,8,1718,370
80361,24,8,410,1675
80375,24,8,1664,364
80389,24,8,1663,1698
80398,24,8,460,862
80448,24,8,410,1698
80472,24,8,411,390
80480,24,8,1718,1675
80486,24,8,411,366
80528,24,8,1663,363
80545,24,8,1670,368
80550,24,8,1663,369
80586,24,8,1670,386
80626,24,8,1718,1703
80653,24,8,1660,390
80656,24,8,1663,1696
80738,24,8,410,368
80742,24,8,1667,1699
80763,24,8,460,1675
80766,24,8,1666,1702
80802,24,8,460,363
80823,24,8,411,388
80840,24,8,460,1696
80853,24,8,1718,366
80905,24,8,410,365
80944,24,8,1662,1696
80953,24,8,1667,388
80961,24,8,1666,1702
80966,24,8,1670,1674
80967,24,8,411,370
80979,24,8,1669,389
81013,24,8,411,391
81021,24,8,1662,387
81037,24,8,410,364
81095,24,9,1667,1338
81096,24,9,1665,1337
81163,24,9,1663,165
81176,24,9,1670,165
81179,24,9,1661,164
81188,24,9,1662,1339
81207,24,9,1670,1332
81210,24,9,460,1337
81251,24,9,460,1162
81255,24,9,1660,1180
81258,24,9,1664,1163
81268,24,10,1669,141
81276,24,10,1665,9
81289,24,10,411,115
81295,24,10,1718,13
81296,24,10,1662,166
81345,24,10,1670,161
81373,24,10,1665,111
81375,24,10,1666,143
81393,24,10,412,113
81406,24,11,1662,1578
81407,24,11,1664,259
81439,24,11,1662,505
81466,24,11,1664,255
81495,24,11,411,1626
81499,24,11,1661,26
81503,24,11,1667,987
81543,24,11,1662,221
81604,24,11,412,221
81612,24,11,1666,987
81613,24,11,1666,221
81678,24,16,460,265
81698,24,16,1669,775
81731,24,16,1666,350
81759,24,16,411,267
81775,24,16,1660,267
81850,24,19,1663,239
81862,24,20,411,79
81886,24,21,1664,397
81914,24,21,1660,981
81941,24,21,1664,58
82033,24,21,1663,56
82050,24,21,410,44
82051,24,21,1666,983
82055,24,21,1665,955
82073,24,21,1670,44
82076,24,21,460,980
82103,24,21,459,1649
82125,24,21,459,1657
82133,24,21,1718,54
82136,24,21,1661,43
82145,24,21,1663,1653
82162,24,21,1718,42
82193,24,21,410,41
82209,24,21,1661,1656
82219,24,21,1670,982
82240,24,21,1661,58
82293,24,21,410,1657
82319,24,21,1661,1650
82348,24,21,1669,42
82361,24,21,410,57
82392,24,21,1665,400
82408,24,21,1663,42
82409,24,21,460,953
82413,24,21,1664,1648
82416,24,21,1668,1653
82465,24,22,1667,254
82505,24,22,1666,230
82519,24,22,1668,468
82528,24,22,1661,252
82539,24,22,1665,504
82549,24,22,459,503
82556,24,22,1664,253
82588,24,22,1660,466
82648,24,22,1718,251
82684,24,22,411,250
82702,24,22,1670,253
82705,24,22,1668,467
82730,24,22,411,231
82747,24,22,412,503
82748,24,22,1670,250
82769,24,23,1665,160
82789,24,23,411,1652
82792,24,23,1669,1651
82796,24,23,1669,741
82838,24,23,1718,46
82841,24,23,1668,156
82871,24,23,1666,47
82887,24,23,459,187
82920,24,23,1661,184
82929,24,23,412,53
82937,24,23,412,742
82960,24,23,1665,52
83031,24,23,459,767
83039,24,23,1668,159
83053,24,23,411,45
83092,24,23,1664,154
83094,24,23,1665,766
83095,24,23,1669,740
83102,24,23,1667,742
83104,24,23,1663,770
83137,24,23,412,187
83157,24,23,1718,742
83183,24,23,410,741
83228,24,24,1662,411
83254,24,24,1666,412
83267,24,24,1662,411
83271,24,24,1668,460
83274,24,24,410,1663
83319,24,25,1669,70
83326,24,25,1664,71
83343,24,25,1660,70
83344,24,25,1665,302
83363,24,25,1666,98
83367,24,25,1668,70
83369,24,25,410,302
83451,24,25,1666,70
83513,24,25,1667,67
83539,24,26,1669,307
83541,24,26,1664,329
83567,24,26,412,307
83570,24,26,459,327
83573,24,26,1669,95
83592,24,26,1663,73
83595,24,26,1718,93
83596,24,26,1718,307
83612,24,26,1665,95
83618,24,26,1665,307
83654,24,26,1670,379
83659,24,26,1664,93
83668,24,26,1661,307
83679,24,26,412,304
83692,24,26,1666,77
83699,24,26,1669,94
83724,24,26,459,73
83746,24,26,411,379
83767,24,26,1669,305
83799,24,26,1668,93
83805,24,26,412,96
83822,24,26,1670,327
83863,24,26,1670,303
83869,24,26,1718,327
83877,24,26,1660,97
83910,24,26,460,92
83918,24,27,1669,189
83943,24,27,1662,396
83949,24,27,1665,40
83958,24,27,1669,1671
83997,25,1,332,1
84024,25,1,300,1695
84083,25,1,302,1695
84092,25,1,299,215
84097,25,1,302,1677
84164,25,1,98,376
84174,25,1,378,1678
84199,25,1,331,215
84202,25,1,100,1678
84290,25,1,298,215
84299,25,1,378,1
84323,25,1,71,1677
84343,25,1,102,215
84344,25,1,102,506
84348,25,1,302,1695
84366,25,1,300,1
84399,25,1,69,1694
84435,25,1,69,1
84452,25,2,67,355
84466,25,2,69,261
84468,25,2,69,295
84479,25,2,298,1693
84485,25,2,68,343
84518,25,2,332,772
84541,25,2,71,861
84553,25,2,99,343
84556,25,2,302,1693
84576,25,2,334,861
84586,25,2,100,347
84588,25,2,298,261
84606,25,2,70,355
84608,25,2,298,1693
84614,25,2,70,353
84642,25,2,101,772
84648,25,2,300,1693
84657,25,2,69,346
84672,25,2,333,1681
84683,25,2,101,295
84720,25,2,67,1692
84725,25,2,102,346
84726,25,2,70,345
84729,25,2,99,1681
84776,25,2,70,344
84783,25,2,101,346
84864,25,3,404,362
84876,25,3,301,338
84891,25,3,102,342
84902,25,3,298,338
84973,25,3,333,339
85015,25,3,299,361
85028,25,4,300,374
85032,25,4,335,374
85040,25,4,100,374
85056,25,4,67,381
85066,25,4,404,381
85076,25,4,333,542
85101,25,4,300,375
85155,25,5,299,1343
85159,25,5,378,1344
85171,25,5,299,1328
85215,25,5,331,1331
85235,25,6,331,7
85255,25,6,70,20
85267,25,6,102,19
85272,25,7,404,310
85273,25,7,101,1712
85286,25,7,333,30
85291,25,7,299,180
85308,25,7,298,1714
85312,25,8,102,365
85314,25,8,98,1696
85321,25,8,302,1674
85352,25,8,378,1327
85358,25,8,102,391
85397,25,8,298,369
85440,25,8,332,1700
85449,25,8,404,1675
85466,25,8,70,368
85509,25,8,69,1699
85547,25,8,378,391
85554,25,8,301,389
85555,25,8,333,367
85586,25,8,101,389
85613,25,8,101,1676
85622,25,8,302,1673
85631,25,8,298,369
85670,25,8,331,387
85691,25,8,100,366
85717,25,8,332,1701
85718,25,8,300,369
85724,25,8,69,1699
85726,25,8,69,391
85742,25,8,334,389
85753,25,8,333,1701
85770,25,8,302,1701
85780,25,9,100,1334
85808,25,9,100,1268
85864,25,9,332,176
85873,25,9,335,1336
85874,25,9,69,1183
85941,25,9,67,1336
85954,25,9,332,165
86039,25,9,331,1339
86050,25,9,302,1341
86060,25,9,69,1162
86077,25,10,298,139
86106,25,10,404,168
86110,25,10,331,21
86111,25,10,335,138
86126,25,10,69,141
86141,25,10,334,22
86165,25,10,378,1628
86169,25,10,302,140
86174,25,10,331,1628
86192,25,11,334,259
86205,25,11,298,257
86214,25,11,331,26
86221,25,11,378,258
86286,25,11,100,259
86296,25,11,99,216
86306,25,11,298,10
86332,25,11,68,221
86337,25,11,68,951
86338,25,11,334,222
86339,25,11,68,259
86379,25,12,378,309
86380,25,12,334,309
86397,25,12,102,60
86415,25,13,101,392
86441,25,16,332,265
86465,25,16,99,280
86469,25,16,98,277
86472,25,16,68,774
86478,25,16,302,271
86543,25,18,298,1179
86583,25,19,333,1513
86584,25,19,299,247
86588,25,19,302,249
86594,25,19,301,245
86602,25,20,333,79
86624,25,21,302,1650
86645,25,21,299,983
86675,25,21,298,955
86680,25,21,298,399
86709,25,21,300,397
86710,25,21,302,1650
86713,25,21,71,1655
86716,25,21,301,54
86745,25,21,67,1648
86770,25,21,332,55
86776,25,21,298,981
86798,25,21,70,982
86825,25,21,298,1654
86879,25,21,302,954
86914,25,21,378,981
86923,25,21,301,983
86951,25,21,70,399
87007,25,21,378,55
87058,25,22,70,252
87063,25,22,299,250
87073,25,22,102,467
87130,25,22,69,502
87154,25,22,100,251
87184,25,22,100,252
87206,25,22,70,466
87213,25,22,70,503
87266,25,23,302,155
87287,25,23,300,187
87291,25,23,69,160
87293,25,23,301,52
87339,25,23,102,1651
87365,25,23,101,52
87379,25,23,334,46
87382,25,23,298,768
87401,25,23,71,741
87406,25,23,334,159
87414,25,23,332,742
87418,25,23,333,154
87460,25,23,67,768
87470,25,23,333,188
87488,25,23,67,964
87496,25,23,68,767
87524,25,23,301,182
87554,25,23,331,181
87576,25,23,301,46
87593,25,24,67,1670
87606,25,24,302,411
87607,25,24,331,1670
87729,25,24,333,1661
87765,25,24,69,460
87811,25,25,404,331
87838,25,25,378,67
87869,25,25,298,301
87891,25,25,302,102
87893,25,25,69,332
87908,25,25,100,301
87998,25,26,70,308
88029,25,26,333,306
88032,25,26,71,93
88081,25,26,68,74
88115,25,26,68,325
88166,25,26,100,77
88174,25,26,331,92
88187,25,26,302,76
88193,25,26,404,73
88196,25,26,332,93
88213,25,26,71,308
88232,25,26,100,326
88246,25,26,333,325
88254,25,26,68,308
88264,25,26,100,306
88292,25,26,333,304
88300,25,26,331,75
88302,25,26,298,74
88307,25,26,98,76
88309,25,26,67,306
88314,25,26,299,93
88315,25,26,302,75
88374,25,27,101,40
88376,25,27,69,463
88377,25,27,68,461
88383,25,27,299,201
88390,25,27,332,463
88405,25,27,102,393
88415,25,27,334,204
88445,25,27,70,201
88451,25,27,70,200
88472,25,27,298,409
88490,26,1,93,376
88504,26,1,329,1677
88552,26,1,328,1695
88578,26,1,329,380
88584,26,1,74,215
88593,26,1,326,506
88598,26,1,330,506
88603,26,1,330,1677
88625,26,1,303,376
88647,26,1,327,1677
88686,26,1,307,1678
88687,26,1,76,1694
88696,26,1,303,1
88703,26,1,325,1677
88706,26,1,93,215
88712,26,1,303,380
88722,26,1,304,506
88731,26,1,305,380
88760,26,1,379,1
88779,26,1,95,1677
88803,26,1,97,1677
88834,26,1,303,1677
88937,26,1,325,1
88951,26,1,327,506
88982,26,1,306,1
88985,26,1,72,380
89093,26,1,75,1678
89104,26,1,95,1678
89121,26,1,75,1695
89169,26,1,75,215
89200,26,1,307,1678
89204,26,1,93,215
89217,26,1,94,380
89218,26,1,94,1694
89229,26,1,92,1
89243,26,1,326,1
89250,26,1,379,506
89272,26,1,308,506
89300,26,1,96,1
89305,26,1,93,1678
89338,26,2,76,1693
89399,26,2,379,1679
89400,26,2,73,261
89435,26,2,379,861
89439,26,2,330,1693
89455,26,2,74,1679
89482,26,2,96,861
89494,26,2,74,346
89518,26,2,74,261
89542,26,2,94,357
89581,26,2,93,1679
89584,26,2,95,1679
89587,26,2,377,353
89618,26,2,330,354
89636,26,2,377,346
89651,26,2,325,295
89689,26,2,96,345
89690,26,2,303,295
89725,26,2,93,345
89731,26,2,328,1679
89775,26,2,77,344
89799,26,2,76,354
89807,26,2,325,1691
89841,26,2,329,1681
89898,26,2,96,357
89913,26,2,328,772
89923,26,2,326,1681
89955,26,2,326,261
89965,26,2,307,772
90007,26,2,97,346
90037,26,3,77,339
90046,26,3,97,359
90047,26,3,330,342
90061,26,3,97,339
90069,26,3,379,339
90091,26,3,97,339
90094,26,3,72,339
90105,26,3,72,342
90106,26,3,329,360
90107,26,3,77,361
90110,26,3,328,339
90113,26,3,96,359
90119,26,3,96,339
90120,26,3,97,359
90141,26,3,73,360
90145,26,3,307,362
90168,26,3,92,341
90172,26,3,73,360
90222,26,3,307,362
90223,26,3,325,362
90237,26,3,72,358
90245,26,3,305,362
90246,26,3,73,361
90248,26,3,304,340
90272,26,3,97,342
90295,26,3,94,362
90310,26,3,95,341
90315,26,4,303,375
90321,26,4,329,542
90339,26,4,97,381
90350,26,4,93,375
90372,26,4,306,381
90401,26,4,96,507
90421,26,4,306,382
90432,26,4,303,507
90449,26,4,73,382
90479,26,4,74,374
90548,26,5,327,1343
90560,26,5,303,1343
90583,26,5,306,1342
90604,26,5,73,1328
90611,26,5,95,1330
90616,26,5,94,1330
90657,26,5,75,1331
90670,26,6,94,771
90688,26,6,326,29
90702,26,6,93,17
90708,26,6,73,15
90716,26,6,76,296
90732,26,6,76,948
90736,26,6,328,619
90758,26,7,308,66
90766,26,7,379,1712
90767,26,7,76,180
90769,26,7,97,66
90808,26,7,307,32
90839,26,8,303,947
90854,26,8,377,365
90871,26,8,73,862
90874,26,8,307,1700
90876,26,8,303,946
90902,26,8,92,1673
90905,26,8,72,366
90912,26,8,77,368
90916,26,8,308,863
90925,26,8,308,947
90957,26,8,77,1699
90972,26,8,325,1673
90978,26,8,75,1702
91080,26,8,97,947
91122,26,8,379,388
91128,26,8,377,390
91145,26,8,377,388
91186,26,8,74,366
91189,26,8,326,389
91197,26,8,330,1702
91211,26,8,304,1270
91235,26,8,307,1673
91247,26,8,94,1675
91257,26,8,379,1674
91273,26,8,92,1270
91282,26,8,95,1703
91295,26,8,77,368
91314,26,8,92,367
91329,26,8,327,1700
91343,26,8,329,368
91373,26,8,92,1702
91388,26,8,74,1673
91404,26,8,74,862
91414,26,8,326,387
91431,26,8,72,370
91450,26,8,73,1702
91458,26,8,75,363
91473,26,8,305,365
91523,26,8,95,369
91533,26,8,307,1270
91550,26,8,379,364
91584,26,8,327,369
91605,26,8,92,369
91694,26,9,328,1180
91726,26,9,329,1334
91744,26,9,329,1333
91761,26,9,306,1161
91775,26,9,327,1161
91789,26,9,74,1160
91795,26,9,93,177
91796,26,9,306,1183
91801,26,9,76,164
91807,26,9,308,1336
91810,26,9,92,1341
91858,26,9,329,1341
91884,26,9,72,144
91923,26,9,305,1160
91924,26,9,76,1268
91938,26,9,75,1268
91962,26,9,73,1183
91991,26,9,330,1335
92001,26,9,379,1338
92037,26,9,328,1162
92039,26,9,326,144
92063,26,9,377,1162
92077,26,9,377,1180
92112,26,9,72,1161
92142,26,10,77,162
92156,26,10,379,166
92185,26,10,72,1627
92230,26,10,95,23
92268,26,10,72,315
92296,26,10,76,14
92308,26,10,96,166
92320,26,10,93,141
92328,26,11,326,224
92337,26,11,326,1626
92394,26,11,92,216
92419,26,11,326,950
92453,26,11,96,949
92457,26,11,77,950
92513,26,11,330,258
92533,26,11,97,255
92536,26,11,326,990
92580,26,11,303,259
92593,26,11,327,950
92596,26,11,93,985
92619,26,11,328,221
92629,26,11,94,259
92671,26,12,307,37
92694,26,12,330,1720
92782,26,16,76,270
92824,26,16,72,275
92866,26,16,305,350
92883,26,16,94,775
92893,26,16,330,279
92894,26,16,73,267
92907,26,16,74,267
92926,26,16,94,267
92937,26,16,307,267
92939,26,16,377,267
92954,26,18,97,1689
92958,26,18,94,109
92961,26,18,77,173
93002,26,19,308,246
93032,26,19,308,248
93044,26,19,93,240
93091,26,21,96,1650
93109,26,21,326,41
93121,26,21,330,980
93128,26,21,328,1655
93133,26,21,95,1648
93172,26,21,326,954
93175,26,21,307,1650
93181,26,21,330,981
93191,26,21,76,398
93199,26,21,74,980
93249,26,21,77,1646
93267,26,21,94,1653
93274,26,21,75,954
93286,26,21,94,954
93302,26,21,325,1653
93326,26,21,94,1653
93328,26,21,94,55
93330,26,21,72,983
93342,26,21,307,1647
93357,26,21,327,956
93408,26,21,328,56
93410,26,21,329,399
93445,26,21,377,44
93475,26,21,308,44
93476,26,21,97,953
93488,26,21,327,954
93513,26,21,94,44
93527,26,21,74,43
93537,26,21,76,1648
93546,26,21,329,1646
93563,26,21,92,41
93582,26,21,74,398
93598,26,21,327,43
93619,26,21,329,1647
93642,26,21,92,400
93656,26,21,94,57
93698,26,21,305,398
93743,26,21,77,58
93761,26,21,73,1657
93765,26,21,74,42
93794,26,21,325,1655
93797,26,21,325,1653
93800,26,21,92,1650
93880,26,22,75,467
93935,26,22,304,228
93937,26,22,93,503
93959,26,22,75,466
93966,26,22,92,50
94030,26,22,73,254
94037,26,22,326,250
94049,26,22,306,231
94053,26,22,93,48
94120,26,22,304,502
94139,26,22,379,50
94144,26,22,94,50
94193,26,23,307,155
94260,26,23,97,769
94274,26,23,328,47
94288,26,23,377,181
94299,26,23,377,156
94312,26,23,306,769
94317,26,23,74,741
94321,26,23,379,46
94326,26,23,379,187
94360,26,23,92,742
94369,26,23,305,740
94381,26,23,379,155
94399,26,23,327,766
94414,26,23,325,157
94452,26,23,329,45
94460,26,23,328,53
94485,26,23,73,1652
94494,26,23,74,154
94516,26,23,76,184
94523,26,23,75,158
94528,26,23,307,183
94533,26,23,307,154
94613,26,23,325,53
94619,26,23,308,184
94621,26,23,304,964
94628,26,23,328,770
94641,26,23,95,769
94654,26,23,305,47
94665,26,23,74,158
94681,26,23,330,160
94695,26,23,330,154
94700,26,23,326,155
94715,26,23,73,740
94726,26,23,379,155
94759,26,24,75,1718
94785,26,24,93,1669
94837,26,24,76,460
94838,26,24,75,1718
94845,26,24,379,459
94860,26,24,308,459
94864,26,24,75,1670
94868,26,24,377,411
94888,26,24,76,1661
94899,26,24,379,1668
94944,26,24,74,1668
94981,26,24,303,411
95008,26,24,77,1667
95043,26,24,73,412
95044,26,24,97,459
95046,26,24,95,1668
95053,26,24,326,1664
95084,26,24,377,1669
95090,26,24,95,1662
95104,26,24,72,460
95110,26,24,92,411
95120,26,24,74,410
95130,26,24,305,1666
95185,26,25,75,334
95186,26,25,75,301
95248,26,25,92,101
95284,26,25,95,68
95298,26,25,306,99
95322,26,25,326,68
95344,26,25,325,300
95381,26,25,96,299
95384,26,25,326,299
95386,26,25,75,301
95389,26,25,328,332
95415,26,25,329,68
95467,26,25,328,68
95496,26,26,97,93
95508,26,26,77,96
95520,26,26,330,75
95522,26,26,74,77
95541,26,26,93,330
95559,26,26,325,97
95590,26,26,308,303
95633,26,26,379,77
95641,26,26,96,93
95647,26,26,94,379
95651,26,26,306,379
95683,26,26,326,379
95769,26,26,377,95
95776,26,26,77,328
95793,26,26,305,94
95799,26,26,305,92
95807,26,26,304,379
95830,26,26,74,77
95846,26,26,307,377
95849,26,26,74,377
95852,26,26,327,94
95858,26,26,97,77
95859,26,26,72,75
95872,26,26,304,77
95874,26,26,307,377
95923,26,26,325,304
95936,26,26,96,93
95962,26,26,326,303
95976,26,26,306,76
95996,26,26,77,306
96021,26,26,328,76
96041,26,26,96,92
96054,26,26,92,304
96070,26,26,303,75
96109,26,27,72,464
96131,26,27,97,205
96151,26,27,330,393
96170,26,27,95,194
96182,26,27,92,40
96229,26,27,326,1717
96234,26,27,97,401
96268,26,27,305,396
96288,26,27,327,462
96312,26,27,97,201
96333,26,27,377,203
96375,27,1,394,1695
96412,27,1,210,506
96422,27,1,193,506
96437,27,1,207,1695
96443,27,1,396,1
96463,27,1,199,1694
96478,27,1,209,1695
96533,27,1,1672,506
96558,27,1,403,506
96561,27,1,1658,215
96598,27,1,403,1694
96641,27,1,408,215
96665,27,1,195,506
96669,27,1,191,1678
96693,27,1,1658,376
96705,27,2,407,772
96725,27,2,205,1680
96733,27,2,464,295
96749,27,2,205,1693
96767,27,2,204,355
96775,27,2,190,357
96778,27,2,409,1691
96789,27,2,1658,1679
96837,27,2,210,1679
96840,27,2,408,1693
96845,27,2,1716,347
96869,27,2,40,357
96922,27,2,406,295
96925,27,2,190,354
96935,27,2,197,354
96953,27,2,210,345
96978,27,2,409,347
96984,27,2,1716,343
96987,27,2,207,347
96996,27,2,463,1679
97004,27,3,191,358
97032,27,3,193,338
97049,27,3,207,358
97051,27,3,409,361
97052,27,3,198,341
97063,27,3,207,362
97126,27,3,206,362
97141,27,4,213,382
97184,27,4,396,374
97223,27,5,403,1329
97225,27,5,1672,1682
97259,27,6,212,296
97261,27,6,206,297
97286,27,7,1672,33
97314,27,7,194,33
97358,27,8,408,366
97369,27,8,208,1673
97391,27,8,59,391
97407,27,8,189,1701
97422,27,8,192,366
97439,27,8,199,1703
97442,27,8,214,367
97455,27,8,1658,370
97475,27,8,463,862
97498,27,8,462,369
97567,27,8,463,1675
97588,27,8,1671,364
97602,27,8,211,1676
97613,27,8,408,387
97618,27,8,40,1673
97639,27,8,196,365
97659,27,8,464,367
97664,27,8,210,369
97671,27,8,209,1676
97682,27,8,193,1697
97707,27,8,59,1699
97776,27,8,1716,864
97812,27,8,1717,1703
97843,27,9,395,144
97893,27,9,194,165
97908,27,9,463,1332
97910,27,9,214,176
97916,27,9,208,165
97925,27,9,403,176
97933,27,9,198,1335
97939,27,10,206,13
97947,27,10,206,320
97963,27,10,214,162
97994,27,10,213,111
98009,27,10,403,142
98019,27,10,191,1627
98072,27,11,207,259
98085,27,11,403,989
98122,27,11,211,985
98188,27,13,406,994
98189,27,13,407,337
98204,27,15,40,1271
98230,27,16,190,267
98263,27,16,1717,267
98287,27,18,212,1625
98301,27,19,461,1622
98331,27,20,464,88
98342,27,20,194,80
98345,27,20,210,79
98359,27,21,59,981
98379,27,21,200,56
98391,27,21,197,953
98396,27,21,196,1657
98407,27,21,1717,983
98438,27,21,189,44
98446,27,21,194,1650
98461,27,21,463,982
98463,27,21,1658,397
98466,27,21,214,55
98488,27,21,206,1650
98495,27,21,202,1657
98517,27,21,208,980
98519,27,21,406,400
98521,27,21,197,1648
98532,27,21,211,982
98535,27,21,197,1656
98539,27,21,191,1656
98548,27,21,402,1653
98549,27,21,195,400
98555,27,21,203,55
98560,27,21,409,43
98636,27,21,1672,397
98650,27,21,59,980
98666,27,21,197,398
98670,27,21,464,956
98693,27,21,407,955
98702,27,21,206,981
98728,27,22,461,229
98732,27,22,206,468
98807,27,22,212,50
98810,27,22,207,252
98828,27,22,189,466
98834,27,22,194,250
98842,27,22,395,502
98851,27,22,209,465
98855,27,22,401,504
98875,27,22,214,231
98876,27,22,191,227
98879,27,22,190,467
98894,27,22,407,231
98927,27,23,205,45
98954,27,23,402,53
98965,27,23,408,188
98968,27,23,199,47
99021,27,23,396,46
99032,27,23,394,187
99039,27,23,206,1651
99044,27,23,464,187
99064,27,23,211,158
99075,27,23,406,154
99096,27,23,205,45
99123,27,23,1671,188
99125,27,23,211,187
99156,27,23,212,1652
99188,27,23,193,160
99210,27,23,193,160
99211,27,23,461,768
99214,27,23,194,964
99243,27,24,461,1670
99319,27,25,211,298
99351,27,25,214,331
99354,27,25,191,302
99362,27,25,208,67
99372,27,25,213,98
99381,27,25,1717,331
99401,27,25,197,71
99417,27,25,1658,335
99435,27,26,202,325
99436,27,26,210,94
99438,27,26,207,94
99442,27,26,403,327
99450,27,26,194,306
99460,27,26,199,329
99466,27,26,409,329
99475,27,26,192,379
99493,27,26,203,377
99510,27,26,1671,95
99514,27,26,203,93
99536,27,26,408,73
99537,27,26,1671,325
99565,27,26,401,330
99582,27,26,210,94
99606,27,26,206,92
99666,27,26,1659,94
99674,27,26,409,305
99691,27,27,402,1716
