bl1,bl2,bs1,bs2,dir1,dir2,condist
L1,L10,18,18,1,1,0
L1,L10,18,66,1,2,215
L1,L10,29,34,2,1,447
L1,L10,29,65,2,2,605
L1,L11,18,18,1,1,0
L1,L11,18,66,1,2,215
L1,L11,30,33,2,1,326
L1,L11,31,31,2,2,0
L1,L12,13,13,1,1,0
L1,L12,13,22,1,2,185
L1,L12,31,31,2,1,0
L1,L12,30,33,2,2,326
L1,L13,5,65,1,1,505
L1,L13,13,22,1,1,185
L1,L13,5,34,1,2,347
L1,L13,13,13,1,2,0
L1,L13,29,65,2,1,605
L1,L13,29,34,2,2,447
L1,L14,18,18,1,1,0
L1,L14,18,66,1,2,215
L1,L14,29,34,2,1,447
L1,L14,29,65,2,2,605
L1,L15,11,23,1,1,371
L1,L15,11,221,1,2,287
L1,L15,13,13,1,2,0
L1,L15,30,3,2,1,465
L1,L15,31,31,2,2,0
L1,L16,18,18,1,1,0
L1,L16,18,66,1,2,215
L1,L16,28,6,2,1,84
L1,L16,27,27,2,2,0
L1,L17,18,18,1,1,0
L1,L17,17,297,1,2,401
L1,L17,30,33,2,1,326
L1,L17,31,31,2,2,0
L1,L18,5,65,1,1,505
L1,L18,17,311,1,1,495
L1,L18,5,34,1,2,347
L1,L18,17,322,1,2,442
L1,L18,29,65,2,1,605
L1,L18,29,34,2,2,447
L1,L19,5,5,1,1,0
L1,L19,18,18,1,1,0
L1,L19,29,5,2,1,100
L1,L19,1,2,2,1,257
L1,L19,1,1,2,2,0
L1,L2,1,338,2,1,401
L1,L2,32,361,2,2,645
L1,L20,1,376,2,1,628
L1,L20,1,380,2,2,614
L1,L22,5,34,1,1,347
L1,L22,17,180,1,1,213
L1,L22,5,65,1,2,505
L1,L22,17,180,1,2,213
L1,L22,29,34,2,1,447
L1,L22,29,65,2,2,605
L1,L23,5,5,1,1,0
L1,L23,17,180,1,1,213
L1,L23,5,29,1,2,100
L1,L23,17,180,1,2,213
L1,L23,28,6,2,1,84
L1,L23,27,27,2,2,0
L1,L24,1,506,2,1,529
L1,L24,1,506,2,2,529
L1,L25,1,506,2,1,529
L1,L25,1,506,2,2,529
L1,L26,17,619,1,1,176
L1,L26,17,619,1,2,176
L1,L261,17,619,1,1,176
L1,L261,17,619,1,2,176
L1,L262,17,619,1,1,176
L1,L262,17,619,1,2,176
L1,L27,5,34,1,1,347
L1,L27,17,180,1,1,213
L1,L27,5,65,1,2,505
L1,L27,17,180,1,2,213
L1,L27,29,34,2,1,447
L1,L27,29,65,2,2,605
L1,L28,18,771,1,1,74
L1,L28,18,771,1,2,74
L1,L3,18,18,1,1,0
L1,L3,18,66,1,2,215
L1,L3,27,948,2,1,158
L1,L3,27,988,2,2,142
L1,L30,6,990,1,1,592
L1,L30,6,990,1,2,592
L1,L30,28,990,2,1,603
L1,L30,28,990,2,2,603
L1,L33,1,506,2,1,529
L1,L33,1,506,2,2,529
L1,L35,1,506,2,1,529
L1,L35,1,506,2,2,529
L1,L36,17,311,1,1,495
L1,L36,17,322,1,2,442
L1,L38,11,23,1,1,371
L1,L38,11,12,1,2,413
L1,L4,17,311,1,1,495
L1,L4,17,322,1,2,442
L1,L4,30,33,2,1,326
L1,L4,31,31,2,2,0
L1,L43,5,34,1,1,347
L1,L43,18,18,1,1,0
L1,L43,5,65,1,2,505
L1,L43,18,18,1,2,0
L1,L43,29,34,2,1,447
L1,L43,29,65,2,2,605
L1,L44,11,23,1,1,371
L1,L44,11,12,1,2,413
L1,L44,20,14,2,2,1054
L1,L441,11,1577,1,1,371
L1,L441,11,1627,1,2,413
L1,L45,1,506,2,1,529
L1,L45,1,506,2,2,529
L1,L5,18,18,1,1,0
L1,L5,18,66,1,2,215
L1,L5,29,34,2,1,447
L1,L5,29,65,2,2,605
L1,L6,18,18,1,1,0
L1,L6,18,66,1,2,215
L1,L6,27,7,2,1,159
L1,L6,27,988,2,2,142
L1,L66,18,18,1,1,0
L1,L66,18,66,1,2,215
L1,L66,29,34,2,1,447
L1,L66,29,65,2,2,605
L1,L9,5,65,1,1,505
L1,L9,17,311,1,1,495
L1,L9,5,34,1,2,347
L1,L9,17,322,1,2,442
L1,L9,29,65,2,1,605
L1,L9,29,34,2,2,447
L1,251,1,506,2,1,529
L1,251,1,506,2,2,529
L10,L11,66,18,2,1,215
L10,L11,66,66,2,2,0
L10,L12,66,66,2,1,0
L10,L12,66,18,2,2,215
L10,L13,18,18,1,1,0
L10,L13,18,180,1,2,395
L10,L14,59,189,2,1,320
L10,L14,59,214,2,2,367
L10,L15,66,18,2,1,215
L10,L15,66,66,2,2,0
L10,L16,65,5,2,1,505
L10,L16,65,29,2,2,605
L10,L17,66,18,2,1,215
L10,L17,66,66,2,2,0
L10,L18,18,18,1,1,0
L10,L18,18,180,1,2,395
L10,L18,63,310,2,1,364
L10,L18,63,323,2,2,347
L10,L19,18,18,1,1,0
L10,L19,63,336,2,1,264
L10,L19,1,2,2,1,257
L10,L19,1,1,2,2,0
L10,L2,1,338,2,1,401
L10,L2,32,361,2,2,645
L10,L20,1,376,2,1,628
L10,L20,1,380,2,2,614
L10,L21,42,57,1,1,0
L10,L21,42,42,1,2,0
L10,L21,55,55,2,1,0
L10,L21,55,44,2,2,353
L10,L22,18,180,1,1,395
L10,L22,18,180,1,2,395
L10,L22,57,407,2,1,826
L10,L22,57,463,2,2,1746
L10,L23,18,180,1,1,395
L10,L23,18,180,1,2,395
L10,L23,65,5,2,1,505
L10,L23,65,29,2,2,605
L10,L24,1,506,2,1,529
L10,L24,1,506,2,2,529
L10,L25,1,506,2,1,529
L10,L25,1,506,2,2,529
L10,L26,18,619,1,1,220
L10,L26,18,619,1,2,220
L10,L26,66,619,2,1,435
L10,L26,66,619,2,2,435
L10,L261,18,619,1,1,220
L10,L261,18,619,1,2,220
L10,L261,66,619,2,1,435
L10,L261,66,619,2,2,435
L10,L262,18,619,1,1,220
L10,L262,18,619,1,2,220
L10,L262,66,619,2,1,435
L10,L262,66,619,2,2,435
L10,L27,18,180,1,1,395
L10,L27,46,187,1,1,441
L10,L27,18,180,1,2,395
L10,L27,46,768,1,2,473
L10,L27,52,741,2,1,127
L10,L27,57,407,2,1,826
L10,L27,52,767,2,2,127
L10,L27,57,463,2,2,1746
L10,L28,18,771,1,1,74
L10,L28,18,771,1,2,74
L10,L28,66,771,2,1,289
L10,L28,66,771,2,2,289
L10,L3,36,987,1,2,924
L10,L3,65,5,2,1,505
L10,L3,65,29,2,2,605
L10,L30,35,991,1,1,332
L10,L30,35,991,1,2,332
L10,L30,61,992,2,1,592
L10,L30,61,995,2,2,592
L10,L33,1,506,2,1,529
L10,L33,1,506,2,2,529
L10,L35,1,506,2,1,529
L10,L35,1,506,2,2,529
L10,L36,18,619,1,1,220
L10,L36,18,619,1,2,220
L10,L36,66,619,2,1,435
L10,L36,66,619,2,2,435
L10,L38,18,18,1,1,0
L10,L38,18,18,1,2,0
L10,L38,66,18,2,1,215
L10,L38,66,18,2,2,215
L10,L4,66,18,2,1,215
L10,L4,66,66,2,2,0
L10,L43,18,18,1,1,0
L10,L43,18,18,1,2,0
L10,L43,57,407,2,1,826
L10,L43,57,463,2,2,1746
L10,L44,18,1508,1,1,261
L10,L44,18,17,1,2,300
L10,L44,66,1508,2,1,476
L10,L44,66,17,2,2,515
L10,L441,18,1508,1,1,261
L10,L441,18,17,1,2,300
L10,L441,66,1508,2,1,476
L10,L441,66,17,2,2,515
L10,L45,1,506,2,1,529
L10,L45,1,506,2,2,529
L10,L5,46,187,1,1,441
L10,L5,46,768,1,2,473
L10,L5,52,741,2,1,127
L10,L5,57,407,2,1,826
L10,L5,52,767,2,2,127
L10,L5,57,463,2,2,1746
L10,L6,44,1649,1,1,747
L10,L6,36,987,1,2,924
L10,L6,44,1654,1,2,747
L10,L6,65,5,2,1,505
L10,L6,65,29,2,2,605
L10,L66,58,1658,2,1,1061
L10,L66,58,1672,2,2,960
L10,L9,18,18,1,1,0
L10,L9,44,1654,1,1,747
L10,L9,18,180,1,2,395
L10,L9,44,1649,1,2,747
L10,L9,58,58,2,1,0
L10,L9,58,41,2,2,0
L10,251,1,506,2,1,529
L10,251,1,506,2,2,529
L11,L12,76,91,1,1,577
L11,L12,76,78,1,2,617
L11,L13,18,18,1,1,0
L11,L13,18,180,1,2,395
L11,L14,2,1,1,1,257
L11,L14,2,32,1,2,409
L11,L15,2,215,1,1,303
L11,L15,2,32,1,2,409
L11,L16,2,2,1,1,0
L11,L16,2,32,1,2,409
L11,L17,2,2,1,1,0
L11,L17,2,32,1,2,409
L11,L18,69,304,1,1,741
L11,L18,76,76,1,1,0
L11,L18,18,18,1,1,0
L11,L18,71,334,1,2,806
L11,L18,76,93,1,2,71
L11,L18,18,180,1,2,395
L11,L18,86,83,2,1,100
L11,L18,97,303,2,1,260
L11,L18,86,86,2,2,0
L11,L18,97,330,2,2,148
L11,L19,79,89,1,1,394
L11,L19,2,2,1,1,0
L11,L19,18,18,1,1,0
L11,L19,80,80,1,2,0
L11,L19,32,2,2,1,409
L11,L19,86,86,2,1,0
L11,L19,32,1,2,2,666
L11,L2,2,338,1,1,430
L11,L2,2,32,1,2,409
L11,L2,32,338,2,1,444
L11,L2,32,361,2,2,645
L11,L20,72,330,1,1,128
L11,L20,76,93,1,1,71
L11,L20,69,304,1,2,741
L11,L20,76,76,1,2,0
L11,L20,85,85,2,1,0
L11,L20,97,330,2,1,148
L11,L20,85,84,2,2,160
L11,L20,97,303,2,2,260
L11,L21,72,330,1,1,128
L11,L21,76,93,1,1,71
L11,L21,69,304,1,2,741
L11,L21,76,76,1,2,0
L11,L21,90,90,2,1,0
L11,L21,97,330,2,1,148
L11,L21,89,79,2,2,394
L11,L21,97,303,2,2,260
L11,L22,18,180,1,1,395
L11,L22,18,180,1,2,395
L11,L23,18,180,1,1,395
L11,L23,18,180,1,2,395
L11,L24,2,506,1,1,786
L11,L24,2,506,1,2,786
L11,L24,32,506,2,1,732
L11,L24,32,506,2,2,732
L11,L25,2,506,1,1,786
L11,L25,2,506,1,2,786
L11,L25,32,506,2,1,732
L11,L25,32,506,2,2,732
L11,L26,18,619,1,1,220
L11,L26,18,619,1,2,220
L11,L261,18,619,1,1,220
L11,L261,18,619,1,2,220
L11,L262,18,619,1,1,220
L11,L262,18,619,1,2,220
L11,L27,18,180,1,1,395
L11,L27,18,180,1,2,395
L11,L28,18,771,1,1,74
L11,L28,18,771,1,2,74
L11,L3,2,2,1,1,0
L11,L3,2,32,1,2,409
L11,L33,76,91,1,1,577
L11,L33,2,506,1,1,786
L11,L33,76,78,1,2,617
L11,L33,2,506,1,2,786
L11,L33,32,506,2,1,732
L11,L33,88,88,2,1,0
L11,L33,32,506,2,2,732
L11,L33,88,81,2,2,36
L11,L35,2,506,1,1,786
L11,L35,2,506,1,2,786
L11,L35,32,506,2,1,732
L11,L35,32,506,2,2,732
L11,L36,18,619,1,1,220
L11,L36,18,619,1,2,220
L11,L38,18,18,1,1,0
L11,L38,18,18,1,2,0
L11,L4,2,2,1,1,0
L11,L4,2,32,1,2,409
L11,L43,18,18,1,1,0
L11,L43,18,18,1,2,0
L11,L44,18,1508,1,1,261
L11,L44,18,17,1,2,300
L11,L441,18,1508,1,1,261
L11,L441,18,17,1,2,300
L11,L45,2,506,1,1,786
L11,L45,2,506,1,2,786
L11,L45,32,506,2,1,732
L11,L45,32,506,2,2,732
L11,L5,2,2,1,1,0
L11,L5,2,32,1,2,409
L11,L6,2,2,1,1,0
L11,L6,2,32,1,2,409
L11,L66,2,2,1,1,0
L11,L66,2,32,1,2,409
L11,L9,18,18,1,1,0
L11,L9,18,180,1,2,395
L11,251,2,506,1,1,786
L11,251,2,506,1,2,786
L11,251,32,506,2,1,732
L11,251,32,506,2,2,732
L12,L13,116,139,1,1,23
L12,L13,116,116,1,2,0
L12,L13,18,18,2,1,0
L12,L13,144,144,2,1,0
L12,L13,18,180,2,2,395
L12,L13,144,111,2,2,420
L12,L14,66,18,1,1,215
L12,L14,66,66,1,2,0
L12,L14,2,1,2,1,257
L12,L14,2,32,2,2,409
L12,L15,114,216,1,1,767
L12,L15,13,22,1,1,185
L12,L15,114,221,1,2,767
L12,L15,13,13,1,2,0
L12,L15,2,215,2,1,303
L12,L15,141,216,2,1,785
L12,L15,2,32,2,2,409
L12,L15,141,221,2,2,785
L12,L16,66,18,1,1,215
L12,L16,66,66,1,2,0
L12,L16,2,2,2,1,0
L12,L16,2,32,2,2,409
L12,L17,66,18,1,1,215
L12,L17,17,297,1,2,401
L12,L17,2,2,2,1,0
L12,L17,2,32,2,2,409
L12,L18,17,311,1,1,495
L12,L18,86,83,1,1,100
L12,L18,17,322,1,2,442
L12,L18,86,86,1,2,0
L12,L18,136,307,2,1,605
L12,L18,18,18,2,1,0
L12,L18,144,144,2,1,0
L12,L18,136,326,2,2,638
L12,L18,18,180,2,2,395
L12,L18,144,111,2,2,420
L12,L19,66,18,1,1,215
L12,L19,32,2,1,1,409
L12,L19,86,86,1,1,0
L12,L19,32,1,1,2,666
L12,L19,79,89,2,1,394
L12,L19,2,2,2,1,0
L12,L19,18,18,2,1,0
L12,L19,80,80,2,2,0
L12,L2,32,338,1,1,444
L12,L2,32,361,1,2,645
L12,L2,2,338,2,1,430
L12,L2,2,32,2,2,409
L12,L20,85,85,1,1,0
L12,L20,85,84,1,2,160
L12,L20,136,326,2,1,638
L12,L20,136,307,2,2,605
L12,L21,90,90,1,1,0
L12,L21,89,79,1,2,394
L12,L21,136,326,2,1,638
L12,L21,136,307,2,2,605
L12,L22,17,180,1,1,213
L12,L22,17,180,1,2,213
L12,L22,18,180,2,1,395
L12,L22,18,180,2,2,395
L12,L23,17,180,1,1,213
L12,L23,17,180,1,2,213
L12,L23,18,180,2,1,395
L12,L23,18,180,2,2,395
L12,L24,32,506,1,1,732
L12,L24,32,506,1,2,732
L12,L24,2,506,2,1,786
L12,L24,2,506,2,2,786
L12,L25,32,506,1,1,732
L12,L25,32,506,1,2,732
L12,L25,2,506,2,1,786
L12,L25,2,506,2,2,786
L12,L26,17,619,1,1,176
L12,L26,17,619,1,2,176
L12,L26,18,619,2,1,220
L12,L26,18,619,2,2,220
L12,L261,17,619,1,1,176
L12,L261,17,619,1,2,176
L12,L261,18,619,2,1,220
L12,L261,18,619,2,2,220
L12,L262,17,619,1,1,176
L12,L262,17,619,1,2,176
L12,L262,18,619,2,1,220
L12,L262,18,619,2,2,220
L12,L27,17,180,1,1,213
L12,L27,17,180,1,2,213
L12,L27,18,180,2,1,395
L12,L27,18,180,2,2,395
L12,L28,17,771,1,1,226
L12,L28,17,771,1,2,226
L12,L28,18,771,2,1,74
L12,L28,18,771,2,2,74
L12,L3,66,18,1,1,215
L12,L3,66,66,1,2,0
L12,L3,2,2,2,1,0
L12,L3,2,32,2,2,409
L12,L33,32,506,1,1,732
L12,L33,88,88,1,1,0
L12,L33,32,506,1,2,732
L12,L33,88,81,1,2,36
L12,L33,130,998,2,1,145
L12,L33,2,506,2,1,786
L12,L33,131,131,2,2,0
L12,L33,2,506,2,2,786
L12,L35,32,506,1,1,732
L12,L35,32,506,1,2,732
L12,L35,2,506,2,1,786
L12,L35,2,506,2,2,786
L12,L36,110,1160,1,1,172
L12,L36,17,311,1,1,495
L12,L36,111,111,1,2,0
L12,L36,17,322,1,2,442
L12,L36,18,619,2,1,220
L12,L36,144,144,2,1,0
L12,L36,18,619,2,2,220
L12,L36,144,111,2,2,420
L12,L38,110,1160,1,1,172
L12,L38,13,22,1,1,185
L12,L38,110,1268,1,2,189
L12,L38,13,13,1,2,0
L12,L38,18,18,2,1,0
L12,L38,141,1181,2,1,482
L12,L38,18,18,2,2,0
L12,L38,143,1269,2,2,941
L12,L4,17,311,1,1,495
L12,L4,17,322,1,2,442
L12,L4,2,2,2,1,0
L12,L4,2,32,2,2,409
L12,L43,66,18,1,1,215
L12,L43,66,18,1,2,215
L12,L43,18,18,2,1,0
L12,L43,18,18,2,2,0
L12,L44,114,216,1,1,767
L12,L44,13,22,1,1,185
L12,L44,114,221,1,2,767
L12,L44,13,13,1,2,0
L12,L44,18,1508,2,1,261
L12,L44,141,216,2,1,785
L12,L44,18,17,2,2,300
L12,L44,20,14,2,2,1054
L12,L44,141,221,2,2,785
L12,L441,114,1578,1,1,767
L12,L441,13,1576,1,1,233
L12,L441,114,1626,1,2,760
L12,L441,13,1628,1,2,61
L12,L441,18,1508,2,1,261
L12,L441,141,1578,2,1,785
L12,L441,18,17,2,2,300
L12,L441,141,1626,2,2,778
L12,L45,32,506,1,1,732
L12,L45,32,506,1,2,732
L12,L45,2,506,2,1,786
L12,L45,2,506,2,2,786
L12,L5,66,18,1,1,215
L12,L5,66,66,1,2,0
L12,L5,2,2,2,1,0
L12,L5,2,32,2,2,409
L12,L6,66,18,1,1,215
L12,L6,66,66,1,2,0
L12,L6,2,2,2,1,0
L12,L6,2,32,2,2,409
L12,L66,66,18,1,1,215
L12,L66,66,66,1,2,0
L12,L66,2,2,2,1,0
L12,L66,2,32,2,2,409
L12,L7,105,171,1,1,257
L12,L7,105,172,1,2,248
L12,L7,144,144,2,1,0
L12,L7,144,111,2,2,420
L12,L9,17,311,1,1,495
L12,L9,17,322,1,2,442
L12,L9,18,18,2,1,0
L12,L9,18,180,2,2,395
L12,251,32,506,1,1,732
L12,251,32,506,1,2,732
L12,251,2,506,2,1,786
L12,251,2,506,2,2,786
L13,L14,59,189,1,1,320
L13,L14,59,214,1,2,367
L13,L14,17,18,2,1,300
L13,L14,17,66,2,2,515
L13,L15,18,18,1,1,0
L13,L15,18,66,1,2,215
L13,L15,13,22,2,1,185
L13,L15,13,13,2,2,0
L13,L16,65,5,1,1,505
L13,L16,65,29,1,2,605
L13,L16,17,18,2,1,300
L13,L16,17,66,2,2,515
L13,L17,18,18,1,1,0
L13,L17,18,66,1,2,215
L13,L17,17,18,2,1,300
L13,L17,17,297,2,2,401
L13,L18,63,310,1,1,364
L13,L18,162,163,1,1,407
L13,L18,63,323,1,2,347
L13,L18,162,175,1,2,420
L13,L18,17,311,2,1,495
L13,L18,17,322,2,2,442
L13,L19,63,336,1,1,264
L13,L19,17,18,2,1,300
L13,L21,54,397,1,1,361
L13,L21,54,400,1,2,351
L13,L21,42,57,2,1,0
L13,L21,42,42,2,2,0
L13,L22,157,411,1,1,607
L13,L22,57,407,1,1,826
L13,L22,157,459,1,2,659
L13,L22,57,463,1,2,1746
L13,L22,180,180,2,1,0
L13,L22,181,410,2,1,356
L13,L22,180,180,2,2,0
L13,L22,181,460,2,2,1112
L13,L23,65,5,1,1,505
L13,L23,65,29,1,2,605
L13,L23,180,180,2,1,0
L13,L23,180,180,2,2,0
L13,L26,18,619,1,1,220
L13,L26,18,619,1,2,220
L13,L26,17,619,2,1,176
L13,L26,17,619,2,2,176
L13,L261,18,619,1,1,220
L13,L261,18,619,1,2,220
L13,L261,17,619,2,1,176
L13,L261,17,619,2,2,176
L13,L262,18,619,1,1,220
L13,L262,18,619,1,2,220
L13,L262,17,619,2,1,176
L13,L262,17,619,2,2,176
L13,L27,52,741,1,1,127
L13,L27,57,407,1,1,826
L13,L27,52,767,1,2,127
L13,L27,57,463,1,2,1746
L13,L27,180,180,2,1,0
L13,L27,181,410,2,1,356
L13,L27,180,180,2,2,0
L13,L27,181,460,2,2,1112
L13,L28,18,771,1,1,74
L13,L28,18,771,1,2,74
L13,L28,17,771,2,1,226
L13,L28,17,771,2,2,226
L13,L3,65,5,1,1,505
L13,L3,65,29,1,2,605
L13,L3,17,18,2,1,300
L13,L3,17,66,2,2,515
L13,L3,36,987,2,2,924
L13,L30,61,992,1,1,592
L13,L30,61,995,1,2,592
L13,L30,35,991,2,1,332
L13,L30,35,991,2,2,332
L13,L36,18,619,1,1,220
L13,L36,162,178,1,1,535
L13,L36,167,167,1,1,0
L13,L36,18,619,1,2,220
L13,L36,162,162,1,2,0
L13,L36,166,175,1,2,1335
L13,L36,110,1160,2,1,172
L13,L36,178,178,2,1,0
L13,L36,17,311,2,1,495
L13,L36,111,111,2,2,0
L13,L36,178,162,2,2,535
L13,L36,17,322,2,2,442
L13,L38,18,18,1,1,0
L13,L38,144,1160,1,1,282
L13,L38,18,18,1,2,0
L13,L38,144,1268,1,2,341
L13,L38,110,1160,2,1,172
L13,L38,13,22,2,1,185
L13,L38,110,1268,2,2,189
L13,L38,13,13,2,2,0
L13,L4,18,18,1,1,0
L13,L4,18,66,1,2,215
L13,L4,17,311,2,1,495
L13,L4,17,322,2,2,442
L13,L43,157,411,1,1,607
L13,L43,57,407,1,1,826
L13,L43,157,459,1,2,659
L13,L43,57,463,1,2,1746
L13,L43,17,18,2,1,300
L13,L43,181,410,2,1,356
L13,L43,17,18,2,2,300
L13,L43,181,460,2,2,1112
L13,L44,18,1508,1,1,261
L13,L44,18,17,1,2,300
L13,L44,20,14,1,2,1054
L13,L44,13,22,2,1,185
L13,L44,13,13,2,2,0
L13,L441,18,1508,1,1,261
L13,L441,18,17,1,2,300
L13,L441,13,1576,2,1,233
L13,L441,13,1628,2,2,61
L13,L5,52,741,1,1,127
L13,L5,57,407,1,1,826
L13,L5,52,767,1,2,127
L13,L5,57,463,1,2,1746
L13,L5,17,18,2,1,300
L13,L5,181,410,2,1,356
L13,L5,17,66,2,2,515
L13,L5,181,460,2,2,1112
L13,L6,65,5,1,1,505
L13,L6,65,29,1,2,605
L13,L6,17,18,2,1,300
L13,L6,44,1649,2,1,747
L13,L6,188,188,2,1,0
L13,L6,17,66,2,2,515
L13,L6,36,987,2,2,924
L13,L6,44,1654,2,2,747
L13,L6,188,52,2,2,185
L13,L66,58,1658,1,1,1061
L13,L66,58,1672,1,2,960
L13,L66,17,18,2,1,300
L13,L66,17,66,2,2,515
L13,L7,162,163,1,1,407
L13,L7,162,175,1,2,420
L13,L7,172,171,2,1,247
L13,L7,172,172,2,2,0
L13,L9,58,58,1,1,0
L13,L9,58,41,1,2,0
L13,L9,17,311,2,1,495
L13,L9,44,1654,2,1,747
L13,L9,188,52,2,1,185
L13,L9,17,322,2,2,442
L13,L9,44,1649,2,2,747
L13,L9,188,188,2,2,0
L14,L15,66,18,2,1,215
L14,L15,66,66,2,2,0
L14,L16,65,5,2,1,505
L14,L16,65,29,2,2,605
L14,L17,66,18,2,1,215
L14,L17,66,66,2,2,0
L14,L18,18,18,1,1,0
L14,L18,18,180,1,2,395
L14,L18,63,310,2,1,364
L14,L18,63,323,2,2,347
L14,L19,18,18,1,1,0
L14,L19,63,336,2,1,264
L14,L19,1,2,2,1,257
L14,L19,1,1,2,2,0
L14,L2,1,338,2,1,401
L14,L2,32,361,2,2,645
L14,L20,1,376,2,1,628
L14,L20,1,380,2,2,614
L14,L21,194,395,1,1,95
L14,L21,204,393,1,1,347
L14,L21,194,402,1,2,158
L14,L21,204,403,1,2,347
L14,L21,208,402,2,2,288
L14,L22,18,180,1,1,395
L14,L22,18,180,1,2,395
L14,L22,214,40,2,1,289
L14,L22,214,59,2,2,367
L14,L23,18,180,1,1,395
L14,L23,18,180,1,2,395
L14,L23,65,5,2,1,505
L14,L23,65,29,2,2,605
L14,L24,1,506,2,1,529
L14,L24,1,506,2,2,529
L14,L25,1,506,2,1,529
L14,L25,1,506,2,2,529
L14,L26,18,619,1,1,220
L14,L26,18,619,1,2,220
L14,L26,66,619,2,1,435
L14,L26,66,619,2,2,435
L14,L261,18,619,1,1,220
L14,L261,18,619,1,2,220
L14,L261,66,619,2,1,435
L14,L261,66,619,2,2,435
L14,L262,18,619,1,1,220
L14,L262,18,619,1,2,220
L14,L262,66,619,2,1,435
L14,L262,66,619,2,2,435
L14,L27,18,180,1,1,395
L14,L27,18,180,1,2,395
L14,L27,214,40,2,1,289
L14,L27,214,59,2,2,367
L14,L28,18,771,1,1,74
L14,L28,18,771,1,2,74
L14,L28,66,771,2,1,289
L14,L28,66,771,2,2,289
L14,L3,36,987,1,2,924
L14,L3,65,5,2,1,505
L14,L3,65,29,2,2,605
L14,L30,35,991,1,1,332
L14,L30,35,991,1,2,332
L14,L30,61,992,2,1,592
L14,L30,61,995,2,2,592
L14,L33,1,506,2,1,529
L14,L33,1,506,2,2,529
L14,L35,1,506,2,1,529
L14,L35,1,506,2,2,529
L14,L36,18,619,1,1,220
L14,L36,18,619,1,2,220
L14,L36,66,619,2,1,435
L14,L36,66,619,2,2,435
L14,L38,18,18,1,1,0
L14,L38,18,18,1,2,0
L14,L38,66,18,2,1,215
L14,L38,66,18,2,2,215
L14,L4,66,18,2,1,215
L14,L4,66,66,2,2,0
L14,L43,18,18,1,1,0
L14,L43,18,18,1,2,0
L14,L43,214,40,2,1,289
L14,L43,214,59,2,2,367
L14,L44,18,1508,1,1,261
L14,L44,18,17,1,2,300
L14,L44,66,1508,2,1,476
L14,L44,66,17,2,2,515
L14,L441,18,1508,1,1,261
L14,L441,18,17,1,2,300
L14,L441,66,1508,2,1,476
L14,L441,66,17,2,2,515
L14,L45,1,506,2,1,529
L14,L45,1,506,2,2,529
L14,L5,214,40,2,1,289
L14,L5,214,59,2,2,367
L14,L6,36,987,1,2,924
L14,L6,65,5,2,1,505
L14,L6,65,29,2,2,605
L14,L66,205,192,1,1,859
L14,L66,205,211,1,2,823
L14,L9,18,18,1,1,0
L14,L9,18,180,1,2,395
L14,L9,214,59,2,1,367
L14,L9,214,40,2,2,289
L14,251,1,506,2,1,529
L14,251,1,506,2,2,529
L15,L16,66,18,2,1,215
L15,L16,66,66,2,2,0
L15,L17,66,18,2,1,215
L15,L17,16,297,2,2,814
L15,L17,17,297,2,2,401
L15,L18,18,18,1,1,0
L15,L18,18,180,1,2,395
L15,L18,19,321,1,2,626
L15,L18,16,311,2,1,705
L15,L18,66,18,2,1,215
L15,L18,16,322,2,2,734
L15,L18,17,180,2,2,213
L15,L19,66,18,2,1,215
L15,L19,215,2,2,1,303
L15,L19,215,1,2,2,45
L15,L2,32,338,2,1,444
L15,L2,32,361,2,2,645
L15,L20,215,376,2,1,582
L15,L20,215,380,2,2,568
L15,L22,18,180,1,1,395
L15,L22,18,180,1,2,395
L15,L22,17,180,2,1,213
L15,L22,17,180,2,2,213
L15,L23,18,180,1,1,395
L15,L23,18,180,1,2,395
L15,L23,17,180,2,1,213
L15,L23,17,180,2,2,213
L15,L24,215,506,2,1,483
L15,L24,215,506,2,2,483
L15,L25,215,506,2,1,483
L15,L25,215,506,2,2,483
L15,L26,18,619,1,1,220
L15,L26,18,619,1,2,220
L15,L26,16,619,2,1,590
L15,L26,17,619,2,1,176
L15,L26,16,619,2,2,590
L15,L26,17,619,2,2,176
L15,L261,18,619,1,1,220
L15,L261,18,619,1,2,220
L15,L261,16,619,2,1,590
L15,L261,17,619,2,1,176
L15,L261,16,619,2,2,590
L15,L261,17,619,2,2,176
L15,L262,18,619,1,1,220
L15,L262,18,619,1,2,220
L15,L262,16,619,2,1,590
L15,L262,17,619,2,1,176
L15,L262,16,619,2,2,590
L15,L262,17,619,2,2,176
L15,L27,18,180,1,1,395
L15,L27,18,180,1,2,395
L15,L27,17,180,2,1,213
L15,L27,17,180,2,2,213
L15,L28,18,771,1,1,74
L15,L28,18,771,1,2,74
L15,L28,17,771,2,1,226
L15,L28,17,771,2,2,226
L15,L3,66,18,2,1,215
L15,L3,66,66,2,2,0
L15,L33,215,506,2,1,483
L15,L33,215,506,2,2,483
L15,L35,215,506,2,1,483
L15,L35,215,506,2,2,483
L15,L36,18,619,1,1,220
L15,L36,18,619,1,2,220
L15,L36,19,321,1,2,626
L15,L36,16,311,2,1,705
L15,L36,17,619,2,1,176
L15,L36,16,322,2,2,734
L15,L36,17,619,2,2,176
L15,L38,18,18,1,1,0
L15,L38,18,18,1,2,0
L15,L38,221,1181,2,1,316
L15,L38,16,16,2,2,0
L15,L4,19,321,1,2,626
L15,L4,16,311,2,1,705
L15,L4,66,18,2,1,215
L15,L4,16,322,2,2,734
L15,L4,17,322,2,2,442
L15,L43,18,18,1,1,0
L15,L43,18,18,1,2,0
L15,L43,66,18,2,1,215
L15,L43,66,18,2,2,215
L15,L44,18,1508,1,1,261
L15,L44,218,218,1,1,0
L15,L44,18,17,1,2,300
L15,L44,216,221,1,2,0
L15,L44,218,219,1,2,69
L15,L44,221,216,2,1,0
L15,L44,221,221,2,2,0
L15,L441,18,1508,1,1,261
L15,L441,218,1579,1,1,0
L15,L441,18,17,1,2,300
L15,L441,221,1578,2,1,0
L15,L441,221,1626,2,2,6
L15,L45,215,506,2,1,483
L15,L45,215,506,2,2,483
L15,L5,66,18,2,1,215
L15,L5,66,66,2,2,0
L15,L6,66,18,2,1,215
L15,L6,66,66,2,2,0
L15,L66,66,18,2,1,215
L15,L66,66,66,2,2,0
L15,L9,18,18,1,1,0
L15,L9,18,180,1,2,395
L15,L9,19,321,1,2,626
L15,L9,16,311,2,1,705
L15,L9,66,18,2,1,215
L15,L9,16,322,2,2,734
L15,L9,17,180,2,2,213
L15,251,215,506,2,1,483
L15,251,215,506,2,2,483
L16,L17,66,18,2,1,215
L16,L17,66,66,2,2,0
L16,L18,18,18,1,1,0
L16,L18,18,180,1,2,395
L16,L18,29,65,2,1,605
L16,L18,29,34,2,2,447
L16,L19,18,18,1,1,0
L16,L19,29,5,2,1,100
L16,L19,1,2,2,1,257
L16,L19,1,1,2,2,0
L16,L2,1,338,2,1,401
L16,L2,32,361,2,2,645
L16,L20,1,376,2,1,628
L16,L20,1,380,2,2,614
L16,L22,18,180,1,1,395
L16,L22,18,180,1,2,395
L16,L22,29,34,2,1,447
L16,L22,29,65,2,2,605
L16,L23,18,180,1,1,395
L16,L23,18,180,1,2,395
L16,L23,253,465,2,1,304
L16,L23,253,504,2,2,388
L16,L24,1,506,2,1,529
L16,L24,1,506,2,2,529
L16,L25,1,506,2,1,529
L16,L25,1,506,2,2,529
L16,L26,18,619,1,1,220
L16,L26,18,619,1,2,220
L16,L26,66,619,2,1,435
L16,L26,66,619,2,2,435
L16,L261,18,619,1,1,220
L16,L261,18,619,1,2,220
L16,L261,66,619,2,1,435
L16,L261,66,619,2,2,435
L16,L262,18,619,1,1,220
L16,L262,18,619,1,2,220
L16,L262,66,619,2,1,435
L16,L262,66,619,2,2,435
L16,L27,18,180,1,1,395
L16,L27,18,180,1,2,395
L16,L27,29,34,2,1,447
L16,L27,29,65,2,2,605
L16,L28,18,771,1,1,74
L16,L28,18,771,1,2,74
L16,L28,66,771,2,1,289
L16,L28,66,771,2,2,289
L16,L3,228,956,1,1,724
L16,L3,228,980,1,2,784
L16,L3,253,465,2,1,304
L16,L3,27,948,2,1,158
L16,L3,253,504,2,2,388
L16,L3,27,988,2,2,142
L16,L30,6,990,1,1,592
L16,L30,6,990,1,2,592
L16,L30,254,254,2,1,0
L16,L30,253,227,2,2,438
L16,L33,1,506,2,1,529
L16,L33,1,506,2,2,529
L16,L35,1,506,2,1,529
L16,L35,1,506,2,2,529
L16,L36,18,619,1,1,220
L16,L36,18,619,1,2,220
L16,L36,66,619,2,1,435
L16,L36,66,619,2,2,435
L16,L38,18,18,1,1,0
L16,L38,18,18,1,2,0
L16,L38,66,18,2,1,215
L16,L38,66,18,2,2,215
L16,L4,66,18,2,1,215
L16,L4,66,66,2,2,0
L16,L43,18,18,1,1,0
L16,L43,18,18,1,2,0
L16,L43,29,34,2,1,447
L16,L43,29,65,2,2,605
L16,L44,18,1508,1,1,261
L16,L44,18,17,1,2,300
L16,L44,66,1508,2,1,476
L16,L44,66,17,2,2,515
L16,L441,18,1508,1,1,261
L16,L441,18,17,1,2,300
L16,L441,66,1508,2,1,476
L16,L441,66,17,2,2,515
L16,L45,1,506,2,1,529
L16,L45,1,506,2,2,529
L16,L5,29,34,2,1,447
L16,L5,29,65,2,2,605
L16,L6,27,7,2,1,159
L16,L6,27,988,2,2,142
L16,L66,29,34,2,1,447
L16,L66,29,65,2,2,605
L16,L9,18,18,1,1,0
L16,L9,18,180,1,2,395
L16,L9,29,65,2,1,605
L16,L9,29,34,2,2,447
L16,251,1,506,2,1,529
L16,251,1,506,2,2,529
L17,L18,18,18,1,1,0
L17,L18,18,180,1,2,395
L17,L18,297,311,2,1,286
L17,L18,297,321,2,2,548
L17,L19,18,18,1,1,0
L17,L19,66,18,2,1,215
L17,L19,32,2,2,1,409
L17,L19,32,1,2,2,666
L17,L2,263,351,1,1,325
L17,L2,263,351,1,2,325
L17,L2,293,351,2,1,325
L17,L2,32,338,2,1,444
L17,L2,293,351,2,2,325
L17,L2,32,361,2,2,645
L17,L22,18,180,1,1,395
L17,L22,18,180,1,2,395
L17,L22,297,180,2,1,495
L17,L22,297,180,2,2,495
L17,L23,18,180,1,1,395
L17,L23,18,180,1,2,395
L17,L23,297,180,2,1,495
L17,L23,297,180,2,2,495
L17,L24,32,506,2,1,732
L17,L24,32,506,2,2,732
L17,L25,32,506,2,1,732
L17,L25,32,506,2,2,732
L17,L26,18,619,1,1,220
L17,L26,18,619,1,2,220
L17,L26,287,269,2,1,0
L17,L26,287,287,2,2,0
L17,L261,18,619,1,1,220
L17,L261,18,619,1,2,220
L17,L261,287,269,2,1,0
L17,L261,287,287,2,2,0
L17,L262,18,619,1,1,220
L17,L262,18,619,1,2,220
L17,L262,287,269,2,1,0
L17,L262,287,287,2,2,0
L17,L27,18,180,1,1,395
L17,L27,18,180,1,2,395
L17,L27,297,180,2,1,495
L17,L27,297,180,2,2,495
L17,L28,18,771,1,1,74
L17,L28,261,772,1,1,0
L17,L28,269,776,1,1,57
L17,L28,18,771,1,2,74
L17,L28,262,861,1,2,716
L17,L28,287,776,2,1,57
L17,L28,289,267,2,1,62
L17,L28,66,771,2,1,289
L17,L28,287,856,2,2,0
L17,L28,66,771,2,2,289
L17,L3,66,18,2,1,215
L17,L3,66,66,2,2,0
L17,L33,32,506,2,1,732
L17,L33,32,506,2,2,732
L17,L35,32,506,2,1,732
L17,L35,32,506,2,2,732
L17,L36,18,619,1,1,220
L17,L36,18,619,1,2,220
L17,L36,297,311,2,1,286
L17,L36,297,321,2,2,548
L17,L38,18,18,1,1,0
L17,L38,18,18,1,2,0
L17,L38,66,18,2,1,215
L17,L38,297,17,2,2,401
L17,L4,297,311,2,1,286
L17,L4,297,321,2,2,548
L17,L43,18,18,1,1,0
L17,L43,18,18,1,2,0
L17,L43,66,18,2,1,215
L17,L43,66,18,2,2,215
L17,L44,18,1508,1,1,261
L17,L44,18,17,1,2,300
L17,L44,297,1508,2,1,361
L17,L44,297,17,2,2,401
L17,L441,18,1508,1,1,261
L17,L441,18,17,1,2,300
L17,L441,297,1508,2,1,361
L17,L441,297,17,2,2,401
L17,L45,32,506,2,1,732
L17,L45,32,506,2,2,732
L17,L5,66,18,2,1,215
L17,L5,66,66,2,2,0
L17,L6,66,18,2,1,215
L17,L6,66,66,2,2,0
L17,L66,66,18,2,1,215
L17,L66,66,66,2,2,0
L17,L7,262,1681,1,1,700
L17,L7,262,1691,1,2,727
L17,L7,294,1681,2,1,600
L17,L7,294,1691,2,2,627
L17,L9,18,18,1,1,0
L17,L9,262,1691,1,1,727
L17,L9,18,180,1,2,395
L17,L9,262,1681,1,2,700
L17,L9,294,1691,2,1,627
L17,L9,297,311,2,1,286
L17,L9,294,1681,2,2,600
L17,L9,297,321,2,2,548
L17,251,32,506,2,1,732
L17,251,32,506,2,2,732
L18,L19,79,89,1,1,394
L18,L19,80,80,1,2,0
L18,L19,180,18,2,1,395
L18,L19,86,83,2,2,100
L18,L20,301,331,1,1,418
L18,L20,301,302,1,2,407
L18,L20,86,86,2,1,0
L18,L20,86,83,2,2,100
L18,L21,301,331,1,1,418
L18,L21,301,302,1,2,407
L18,L21,90,90,2,1,0
L18,L21,89,79,2,2,394
L18,L22,310,35,1,1,312
L18,L22,64,64,1,2,0
L18,L22,180,180,2,1,0
L18,L22,180,180,2,2,0
L18,L23,65,5,1,1,505
L18,L23,65,29,1,2,605
L18,L23,180,180,2,1,0
L18,L23,180,180,2,2,0
L18,L26,18,619,1,1,220
L18,L26,18,619,1,2,220
L18,L26,321,260,2,1,548
L18,L26,321,296,2,2,586
L18,L261,18,619,1,1,220
L18,L261,18,619,1,2,220
L18,L261,321,260,2,1,548
L18,L261,321,296,2,2,586
L18,L262,18,619,1,1,220
L18,L262,18,619,1,2,220
L18,L262,321,260,2,1,548
L18,L262,321,296,2,2,586
L18,L27,310,35,1,1,312
L18,L27,64,64,1,2,0
L18,L27,180,180,2,1,0
L18,L27,180,180,2,2,0
L18,L28,18,771,1,1,74
L18,L28,18,771,1,2,74
L18,L28,180,771,2,1,320
L18,L28,180,771,2,2,320
L18,L3,65,5,1,1,505
L18,L3,65,29,1,2,605
L18,L3,180,18,2,1,395
L18,L3,180,66,2,2,610
L18,L30,310,36,1,1,418
L18,L30,310,63,1,2,364
L18,L30,35,991,2,1,332
L18,L30,35,991,2,2,332
L18,L33,307,120,1,1,866
L18,L33,307,1070,1,2,879
L18,L33,88,88,2,1,0
L18,L33,88,81,2,2,36
L18,L36,18,619,1,1,220
L18,L36,167,167,1,1,0
L18,L36,18,619,1,2,220
L18,L36,166,175,1,2,1335
L18,L36,110,1160,2,1,172
L18,L36,317,178,2,1,381
L18,L36,111,111,2,2,0
L18,L36,317,162,2,2,365
L18,L38,18,18,1,1,0
L18,L38,144,1160,1,1,282
L18,L38,18,18,1,2,0
L18,L38,144,1268,1,2,341
L18,L38,110,1160,2,1,172
L18,L38,321,19,2,1,626
L18,L38,110,1268,2,2,189
L18,L38,321,16,2,2,623
L18,L4,18,18,1,1,0
L18,L4,18,66,1,2,215
L18,L4,320,1328,2,1,246
L18,L4,320,1345,2,2,246
L18,L43,310,35,1,1,312
L18,L43,64,64,1,2,0
L18,L43,180,18,2,1,395
L18,L43,180,18,2,2,395
L18,L44,18,1508,1,1,261
L18,L44,18,17,1,2,300
L18,L44,321,19,2,1,626
L18,L44,180,17,2,2,213
L18,L441,18,1508,1,1,261
L18,L441,18,17,1,2,300
L18,L441,321,19,2,1,626
L18,L441,321,1630,2,2,623
L18,L5,310,35,1,1,312
L18,L5,64,64,1,2,0
L18,L5,180,18,2,1,395
L18,L5,180,66,2,2,610
L18,L6,65,5,1,1,505
L18,L6,65,29,1,2,605
L18,L6,180,18,2,1,395
L18,L6,180,66,2,2,610
L18,L66,310,35,1,1,312
L18,L66,64,64,1,2,0
L18,L66,180,18,2,1,395
L18,L66,180,66,2,2,610
L18,L7,314,1345,1,1,248
L18,L7,314,1328,1,2,248
L18,L7,172,171,2,1,247
L18,L7,172,172,2,2,0
L18,L9,64,64,1,1,0
L18,L9,310,35,1,2,312
L18,L9,320,1328,2,1,246
L18,L9,320,1345,2,2,246
L19,L2,1,1,2,1,0
L19,L2,1,1,2,2,0
L19,L20,86,86,1,1,0
L19,L20,86,83,1,2,100
L19,L21,89,90,1,1,411
L19,L21,89,79,1,2,394
L19,L22,18,180,1,1,395
L19,L22,18,180,1,2,395
L19,L23,18,180,1,1,395
L19,L23,18,180,1,2,395
L19,L24,1,506,2,1,529
L19,L24,1,506,2,2,529
L19,L25,1,506,2,1,529
L19,L25,1,506,2,2,529
L19,L26,18,619,1,1,220
L19,L26,18,619,1,2,220
L19,L261,18,619,1,1,220
L19,L261,18,619,1,2,220
L19,L262,18,619,1,1,220
L19,L262,18,619,1,2,220
L19,L27,18,180,1,1,395
L19,L27,18,180,1,2,395
L19,L28,18,771,1,1,74
L19,L28,18,771,1,2,74
L19,L3,1,1,2,1,0
L19,L3,1,1,2,2,0
L19,L30,336,991,1,1,138
L19,L30,336,991,1,2,138
L19,L33,89,89,1,1,0
L19,L33,89,80,1,2,404
L19,L33,1,506,2,1,529
L19,L33,1,506,2,2,529
L19,L35,1,506,2,1,529
L19,L35,1,506,2,2,529
L19,L36,18,619,1,1,220
L19,L36,18,619,1,2,220
L19,L38,18,18,1,1,0
L19,L38,18,18,1,2,0
L19,L4,1,1,2,1,0
L19,L4,1,1,2,2,0
L19,L43,18,18,1,1,0
L19,L43,18,18,1,2,0
L19,L44,18,1508,1,1,261
L19,L44,18,17,1,2,300
L19,L441,18,1508,1,1,261
L19,L441,18,17,1,2,300
L19,L45,1,506,2,1,529
L19,L45,1,506,2,2,529
L19,L5,1,1,2,1,0
L19,L5,1,1,2,2,0
L19,L6,1,2,2,1,257
L19,L6,1,32,2,2,666
L19,L66,1,1,2,1,0
L19,L66,1,1,2,2,0
L19,L9,18,18,1,1,0
L19,L9,18,180,1,2,395
L19,251,1,506,2,1,529
L19,251,1,506,2,2,529
L2,L20,1,376,2,1,628
L2,L20,1,380,2,2,614
L2,L24,1,506,2,1,529
L2,L24,1,506,2,2,529
L2,L25,1,506,2,1,529
L2,L25,1,506,2,2,529
L2,L26,351,262,1,1,405
L2,L26,351,294,1,2,506
L2,L261,351,262,1,1,405
L2,L261,351,294,1,2,506
L2,L262,351,262,1,1,405
L2,L262,351,294,1,2,506
L2,L28,351,773,1,1,538
L2,L28,351,860,1,2,506
L2,L3,362,3,2,1,419
L2,L3,362,32,2,2,412
L2,L33,1,506,2,1,529
L2,L33,1,506,2,2,529
L2,L35,1,506,2,1,529
L2,L35,1,506,2,2,529
L2,L4,362,3,2,1,419
L2,L4,362,32,2,2,412
L2,L45,1,506,2,1,529
L2,L45,1,506,2,2,529
L2,L5,362,3,2,1,419
L2,L5,362,32,2,2,412
L2,L6,362,3,2,1,419
L2,L6,362,32,2,2,412
L2,L66,362,3,2,1,419
L2,L66,362,32,2,2,412
L2,L7,345,1680,1,1,504
L2,L7,345,1692,1,2,540
L2,L9,345,1692,1,1,540
L2,L9,345,1680,1,2,504
L2,251,1,506,2,1,529
L2,251,1,506,2,2,529
L20,L21,90,90,1,1,0
L20,L21,89,79,1,2,394
L20,L24,375,507,1,1,142
L20,L24,375,542,1,2,97
L20,L24,380,506,2,1,84
L20,L24,380,506,2,2,84
L20,L25,372,543,1,1,75
L20,L25,372,618,1,2,75
L20,L25,380,506,2,1,84
L20,L25,380,506,2,2,84
L20,L29,363,862,2,1,132
L20,L29,363,363,2,2,0
L20,L3,376,1,1,1,628
L20,L3,376,1,1,2,628
L20,L3,380,1,2,1,614
L20,L3,380,1,2,2,614
L20,L33,375,507,1,1,142
L20,L33,88,88,1,1,0
L20,L33,375,542,1,2,97
L20,L33,88,81,1,2,36
L20,L33,307,120,2,1,866
L20,L33,380,506,2,1,84
L20,L33,307,1070,2,2,879
L20,L33,380,506,2,2,84
L20,L35,375,507,1,1,142
L20,L35,375,542,1,2,97
L20,L35,380,506,2,1,84
L20,L35,380,506,2,2,84
L20,L39,363,862,2,1,132
L20,L39,363,363,2,2,0
L20,L4,376,1,1,1,628
L20,L4,376,1,1,2,628
L20,L4,380,1,2,1,614
L20,L4,380,1,2,2,614
L20,L45,375,507,1,1,142
L20,L45,375,542,1,2,97
L20,L45,380,506,2,1,84
L20,L45,380,506,2,2,84
L20,L5,376,1,1,1,628
L20,L5,376,1,1,2,628
L20,L5,380,1,2,1,614
L20,L5,380,1,2,2,614
L20,L6,380,376,2,1,14
L20,L6,381,381,2,2,0
L20,L66,376,1,1,1,628
L20,L66,376,1,1,2,628
L20,L66,380,1,2,1,614
L20,L66,380,1,2,2,614
L20,L7,386,1674,2,1,497
L20,L7,386,1697,2,2,438
L20,L9,387,1699,2,1,240
L20,L9,387,388,2,2,278
L20,251,372,543,1,1,75
L20,251,372,618,1,2,75
L20,251,380,506,2,1,84
L20,251,380,506,2,2,84
L21,L22,396,409,1,1,315
L21,L22,57,407,1,1,826
L21,L22,396,461,1,2,251
L21,L22,57,463,1,2,1746
L21,L22,42,407,2,1,826
L21,L22,401,409,2,1,352
L21,L22,42,464,2,2,1253
L21,L22,401,461,2,2,288
L21,L27,396,409,1,1,315
L21,L27,57,407,1,1,826
L21,L27,396,461,1,2,251
L21,L27,57,463,1,2,1746
L21,L27,42,407,2,1,826
L21,L27,401,409,2,1,352
L21,L27,42,464,2,2,1253
L21,L27,401,461,2,2,288
L21,L3,398,953,1,1,482
L21,L3,398,983,1,2,482
L21,L33,307,120,2,1,866
L21,L33,307,1070,2,2,879
L21,L43,396,409,1,1,315
L21,L43,57,407,1,1,826
L21,L43,396,461,1,2,251
L21,L43,57,463,1,2,1746
L21,L43,42,407,2,1,826
L21,L43,401,409,2,1,352
L21,L43,42,464,2,2,1253
L21,L43,401,461,2,2,288
L21,L5,396,409,1,1,315
L21,L5,57,407,1,1,826
L21,L5,396,461,1,2,251
L21,L5,57,463,1,2,1746
L21,L5,42,407,2,1,826
L21,L5,401,409,2,1,352
L21,L5,42,464,2,2,1253
L21,L5,401,461,2,2,288
L21,L6,398,1646,1,1,382
L21,L6,398,1657,1,2,382
L21,L6,44,1649,2,1,747
L21,L6,44,1654,2,2,747
L21,L66,395,1660,1,1,490
L21,L66,57,1658,1,1,1386
L21,L66,395,1670,1,2,490
L21,L66,57,1672,1,2,1285
L21,L66,42,1658,2,1,1386
L21,L66,402,193,2,1,398
L21,L66,42,1672,2,2,1285
L21,L66,402,210,2,2,380
L21,L9,57,58,1,1,325
L21,L9,57,41,1,2,325
L21,L9,44,1654,2,1,747
L21,L9,44,1649,2,2,747
L22,L23,65,5,2,1,505
L22,L23,65,29,2,2,605
L22,L26,180,619,2,1,271
L22,L26,180,619,2,2,271
L22,L261,180,619,2,1,271
L22,L261,180,619,2,2,271
L22,L262,180,619,2,1,271
L22,L262,180,619,2,2,271
L22,L27,459,411,2,1,183
L22,L27,459,459,2,2,0
L22,L28,180,771,2,1,320
L22,L28,180,771,2,2,320
L22,L3,412,964,1,1,495
L22,L3,36,987,1,2,924
L22,L3,455,966,2,1,0
L22,L3,65,5,2,1,505
L22,L3,65,29,2,2,605
L22,L30,35,991,1,1,332
L22,L30,35,991,1,2,332
L22,L30,61,992,2,1,592
L22,L30,61,995,2,2,592
L22,L332,426,445,1,1,229
L22,L332,426,1098,1,2,0
L22,L332,444,1072,2,1,29
L22,L332,444,1097,2,2,0
L22,L36,180,619,2,1,271
L22,L36,180,619,2,2,271
L22,L38,180,18,2,1,395
L22,L38,180,18,2,2,395
L22,L4,180,18,2,1,395
L22,L4,180,66,2,2,610
L22,L43,431,441,1,2,0
L22,L43,439,1468,2,1,52
L22,L43,439,1507,2,2,90
L22,L44,180,1508,2,1,248
L22,L44,180,17,2,2,213
L22,L441,180,1508,2,1,248
L22,L441,180,17,2,2,213
L22,L5,459,411,2,1,183
L22,L5,459,459,2,2,0
L22,L6,36,987,1,2,924
L22,L6,65,5,2,1,505
L22,L6,65,29,2,2,605
L22,L66,463,1659,2,1,427
L22,L66,463,1671,2,2,533
L22,L9,59,58,2,1,710
L22,L9,59,41,2,2,710
L23,L26,180,619,2,1,271
L23,L26,180,619,2,2,271
L23,L261,180,619,2,1,271
L23,L261,180,619,2,2,271
L23,L262,180,619,2,1,271
L23,L262,180,619,2,2,271
L23,L27,29,34,2,1,447
L23,L27,29,65,2,2,605
L23,L28,180,771,2,1,320
L23,L28,180,771,2,2,320
L23,L3,465,956,1,1,657
L23,L3,465,980,1,2,716
L23,L3,501,468,2,1,0
L23,L3,27,948,2,1,158
L23,L3,501,501,2,2,0
L23,L3,27,988,2,2,142
L23,L30,6,990,1,1,592
L23,L30,6,990,1,2,592
L23,L30,254,254,2,1,0
L23,L30,254,227,2,2,569
L23,L36,180,619,2,1,271
L23,L36,180,619,2,2,271
L23,L38,180,18,2,1,395
L23,L38,180,18,2,2,395
L23,L4,180,18,2,1,395
L23,L4,180,66,2,2,610
L23,L43,29,34,2,1,447
L23,L43,29,65,2,2,605
L23,L44,180,1508,2,1,248
L23,L44,180,17,2,2,213
L23,L441,180,1508,2,1,248
L23,L441,180,17,2,2,213
L23,L5,29,34,2,1,447
L23,L5,29,65,2,2,605
L23,L6,27,7,2,1,159
L23,L6,27,988,2,2,142
L23,L66,29,34,2,1,447
L23,L66,29,65,2,2,605
L23,L9,29,65,2,1,605
L23,L9,29,34,2,2,447
L24,L25,542,381,2,1,97
L24,L25,542,375,2,2,97
L24,L3,506,1,2,1,529
L24,L3,506,1,2,2,529
L24,L33,542,507,2,1,45
L24,L33,542,542,2,2,0
L24,L35,537,1099,2,1,158
L24,L35,537,1159,2,2,224
L24,L4,506,1,2,1,529
L24,L4,506,1,2,2,529
L24,L45,529,1631,2,1,34
L24,L45,529,1645,2,2,34
L24,L5,506,1,2,1,529
L24,L5,506,1,2,2,529
L24,L6,542,375,2,1,97
L24,L6,542,381,2,2,97
L24,L66,506,1,2,1,529
L24,L66,506,1,2,2,529
L24,251,542,381,2,1,97
L24,251,542,375,2,2,97
L25,L3,506,1,2,1,529
L25,L3,506,1,2,2,529
L25,L33,375,507,2,1,142
L25,L33,375,542,2,2,97
L25,L35,375,507,2,1,142
L25,L35,375,542,2,2,97
L25,L4,506,1,2,1,529
L25,L4,506,1,2,2,529
L25,L40,575,1355,1,1,206
L25,L40,575,1384,1,2,256
L25,L45,375,507,2,1,142
L25,L45,375,542,2,2,97
L25,L5,506,1,2,1,529
L25,L5,506,1,2,2,529
L25,L6,618,372,2,1,75
L25,L6,618,384,2,2,75
L25,L66,506,1,2,1,529
L25,L66,506,1,2,2,529
L25,251,591,1704,2,1,21941
L25,251,591,1711,2,2,21941
L26,L261,643,651,2,1,87
L26,L261,643,726,2,2,63
L26,L262,643,727,2,1,130
L26,L262,643,739,2,2,130
L26,L27,619,180,2,1,271
L26,L27,619,180,2,2,271
L26,L28,261,772,1,1,0
L26,L28,269,776,1,1,57
L26,L28,621,777,1,1,324
L26,L28,624,778,1,1,0
L26,L28,629,781,1,1,0
L26,L28,631,782,1,1,93
L26,L28,633,783,1,1,66
L26,L28,262,861,1,2,716
L26,L28,622,855,1,2,1180
L26,L28,624,854,1,2,278
L26,L28,629,850,1,2,0
L26,L28,631,849,1,2,93
L26,L28,633,848,1,2,66
L26,L28,639,782,2,1,0
L26,L28,643,780,2,1,42
L26,L28,650,777,2,1,1682
L26,L28,287,776,2,1,57
L26,L28,289,267,2,1,62
L26,L28,619,771,2,1,145
L26,L28,639,849,2,2,0
L26,L28,643,851,2,2,105
L26,L28,649,855,2,2,401
L26,L28,287,856,2,2,0
L26,L28,619,771,2,2,145
L26,L3,619,18,2,1,220
L26,L3,619,66,2,2,435
L26,L36,297,311,2,1,286
L26,L36,297,321,2,2,548
L26,L38,619,18,2,1,220
L26,L38,619,17,2,2,176
L26,L4,297,311,2,1,286
L26,L4,297,321,2,2,548
L26,L43,619,18,2,1,220
L26,L43,619,18,2,2,220
L26,L44,619,1508,2,1,137
L26,L44,619,17,2,2,176
L26,L441,619,1508,2,1,137
L26,L441,619,17,2,2,176
L26,L5,619,18,2,1,220
L26,L5,619,66,2,2,435
L26,L6,619,18,2,1,220
L26,L6,619,66,2,2,435
L26,L66,619,18,2,1,220
L26,L66,619,66,2,2,435
L26,L7,262,1681,1,1,700
L26,L7,262,1691,1,2,727
L26,L7,294,1681,2,1,600
L26,L7,294,1691,2,2,627
L26,L9,262,1691,1,1,727
L26,L9,262,1681,1,2,700
L26,L9,294,1691,2,1,627
L26,L9,297,311,2,1,286
L26,L9,294,1681,2,2,600
L26,L9,297,321,2,2,548
L261,L262,726,727,2,1,163
L261,L262,726,739,2,2,163
L261,L27,619,180,2,1,271
L261,L27,619,180,2,2,271
L261,L28,261,772,1,1,0
L261,L28,269,776,1,1,57
L261,L28,621,777,1,1,324
L261,L28,624,778,1,1,0
L261,L28,262,861,1,2,716
L261,L28,622,855,1,2,1180
L261,L28,624,854,1,2,278
L261,L28,726,780,2,1,105
L261,L28,650,777,2,1,1682
L261,L28,287,776,2,1,57
L261,L28,289,267,2,1,62
L261,L28,619,771,2,1,145
L261,L28,726,851,2,2,138
L261,L28,649,855,2,2,401
L261,L28,287,856,2,2,0
L261,L28,619,771,2,2,145
L261,L3,619,18,2,1,220
L261,L3,619,66,2,2,435
L261,L36,297,311,2,1,286
L261,L36,297,321,2,2,548
L261,L38,619,18,2,1,220
L261,L38,619,17,2,2,176
L261,L4,297,311,2,1,286
L261,L4,297,321,2,2,548
L261,L43,619,18,2,1,220
L261,L43,619,18,2,2,220
L261,L44,619,1508,2,1,137
L261,L44,619,17,2,2,176
L261,L441,619,1508,2,1,137
L261,L441,619,17,2,2,176
L261,L5,619,18,2,1,220
L261,L5,619,66,2,2,435
L261,L6,619,18,2,1,220
L261,L6,619,66,2,2,435
L261,L66,619,18,2,1,220
L261,L66,619,66,2,2,435
L261,L7,262,1681,1,1,700
L261,L7,262,1691,1,2,727
L261,L7,294,1681,2,1,600
L261,L7,294,1691,2,2,627
L261,L9,262,1691,1,1,727
L261,L9,262,1681,1,2,700
L261,L9,294,1691,2,1,627
L261,L9,297,311,2,1,286
L261,L9,294,1681,2,2,600
L261,L9,297,321,2,2,548
L262,L27,619,180,2,1,271
L262,L27,619,180,2,2,271
L262,L28,261,772,1,1,0
L262,L28,269,776,1,1,57
L262,L28,621,777,1,1,324
L262,L28,624,778,1,1,0
L262,L28,262,861,1,2,716
L262,L28,622,855,1,2,1180
L262,L28,624,854,1,2,278
L262,L28,739,780,2,1,173
L262,L28,650,777,2,1,1682
L262,L28,287,776,2,1,57
L262,L28,289,267,2,1,62
L262,L28,619,771,2,1,145
L262,L28,739,851,2,2,180
L262,L28,649,855,2,2,401
L262,L28,287,856,2,2,0
L262,L28,619,771,2,2,145
L262,L3,619,18,2,1,220
L262,L3,619,66,2,2,435
L262,L36,297,311,2,1,286
L262,L36,297,321,2,2,548
L262,L38,619,18,2,1,220
L262,L38,619,17,2,2,176
L262,L4,297,311,2,1,286
L262,L4,297,321,2,2,548
L262,L43,619,18,2,1,220
L262,L43,619,18,2,2,220
L262,L44,619,1508,2,1,137
L262,L44,619,17,2,2,176
L262,L441,619,1508,2,1,137
L262,L441,619,17,2,2,176
L262,L5,619,18,2,1,220
L262,L5,619,66,2,2,435
L262,L6,619,18,2,1,220
L262,L6,619,66,2,2,435
L262,L66,619,18,2,1,220
L262,L66,619,66,2,2,435
L262,L7,262,1681,1,1,700
L262,L7,262,1691,1,2,727
L262,L7,294,1681,2,1,600
L262,L7,294,1691,2,2,627
L262,L9,262,1691,1,1,727
L262,L9,262,1681,1,2,700
L262,L9,294,1691,2,1,627
L262,L9,297,311,2,1,286
L262,L9,294,1681,2,2,600
L262,L9,297,321,2,2,548
L27,L28,180,771,2,1,320
L27,L28,180,771,2,2,320
L27,L3,743,963,1,1,460
L27,L3,36,987,1,2,924
L27,L3,743,744,1,2,219
L27,L3,764,764,2,1,0
L27,L3,65,5,2,1,505
L27,L3,763,971,2,2,995
L27,L3,65,29,2,2,605
L27,L30,35,991,1,1,332
L27,L30,35,991,1,2,332
L27,L30,61,992,2,1,592
L27,L30,61,995,2,2,592
L27,L36,180,619,2,1,271
L27,L36,180,619,2,2,271
L27,L38,180,18,2,1,395
L27,L38,180,18,2,2,395
L27,L4,180,18,2,1,395
L27,L4,180,66,2,2,610
L27,L43,157,411,2,1,607
L27,L43,157,459,2,2,659
L27,L44,180,1508,2,1,248
L27,L44,180,17,2,2,213
L27,L441,180,1508,2,1,248
L27,L441,180,17,2,2,213
L27,L5,764,744,2,1,72
L27,L5,764,764,2,2,0
L27,L6,741,188,1,1,125
L27,L6,36,987,1,2,924
L27,L6,741,52,1,2,127
L27,L6,767,188,2,1,125
L27,L6,65,5,2,1,505
L27,L6,767,52,2,2,127
L27,L6,65,29,2,2,605
L27,L66,463,1659,2,1,427
L27,L66,463,1671,2,2,533
L27,L9,741,52,1,1,127
L27,L9,741,188,1,2,125
L27,L9,767,52,2,1,127
L27,L9,59,58,2,1,710
L27,L9,767,188,2,2,125
L27,L9,59,41,2,2,710
L28,L3,771,18,2,1,74
L28,L3,771,66,2,2,289
L28,L36,771,619,2,1,145
L28,L36,771,619,2,2,145
L28,L38,771,18,2,1,74
L28,L38,771,18,2,2,74
L28,L4,771,18,2,1,74
L28,L4,771,66,2,2,289
L28,L43,771,18,2,1,74
L28,L43,771,18,2,2,74
L28,L44,771,1508,2,1,186
L28,L44,771,17,2,2,226
L28,L441,771,1508,2,1,186
L28,L441,771,17,2,2,226
L28,L5,771,18,2,1,74
L28,L5,771,66,2,2,289
L28,L6,771,18,2,1,74
L28,L6,771,66,2,2,289
L28,L66,771,18,2,1,74
L28,L66,771,66,2,2,289
L28,L7,773,1681,1,1,568
L28,L7,773,1691,1,2,595
L28,L7,860,1681,2,1,600
L28,L7,860,1691,2,2,627
L28,L9,773,1691,1,1,595
L28,L9,773,1681,1,2,568
L28,L9,860,1691,2,1,627
L28,L9,771,18,2,1,74
L28,L9,860,1681,2,2,600
L28,L9,771,180,2,2,320
L29,L39,946,864,2,1,0
L29,L39,946,946,2,2,0
L29,L40,896,1368,1,1,107
L29,L40,905,905,1,1,0
L29,L40,896,1371,1,2,64
L29,L40,905,905,1,2,0
L29,L40,910,1370,2,1,75
L29,L6,363,363,2,1,0
L29,L6,363,363,2,2,0
L29,L7,363,862,2,1,132
L29,L7,363,364,2,2,241
L29,L9,363,364,2,1,241
L29,L9,363,862,2,2,132
L3,L30,948,990,1,1,512
L3,L30,955,254,1,1,811
L3,L30,948,990,1,2,512
L3,L30,465,227,1,2,551
L3,L30,980,254,2,1,824
L3,L30,985,951,2,1,0
L3,L30,980,227,2,2,989
L3,L30,985,951,2,2,0
L3,L33,1,506,2,1,529
L3,L33,1,506,2,2,529
L3,L35,1,506,2,1,529
L3,L35,1,506,2,2,529
L3,L36,18,619,1,1,220
L3,L36,18,619,1,2,220
L3,L36,66,619,2,1,435
L3,L36,66,619,2,2,435
L3,L38,18,18,1,1,0
L3,L38,18,18,1,2,0
L3,L38,66,18,2,1,215
L3,L38,66,18,2,2,215
L3,L4,66,18,2,1,215
L3,L4,66,66,2,2,0
L3,L43,18,18,1,1,0
L3,L43,964,412,1,1,495
L3,L43,18,18,1,2,0
L3,L43,965,457,1,2,893
L3,L43,987,36,2,1,924
L3,L43,29,34,2,1,447
L3,L43,29,65,2,2,605
L3,L44,18,1508,1,1,261
L3,L44,18,17,1,2,300
L3,L44,66,1508,2,1,476
L3,L44,66,17,2,2,515
L3,L441,18,1508,1,1,261
L3,L441,18,17,1,2,300
L3,L441,66,1508,2,1,476
L3,L441,66,17,2,2,515
L3,L45,1,506,2,1,529
L3,L45,1,506,2,2,529
L3,L5,764,744,1,1,72
L3,L5,764,764,1,2,0
L3,L5,744,744,2,1,0
L3,L5,987,36,2,1,924
L3,L5,29,34,2,1,447
L3,L5,973,764,2,2,37
L3,L5,29,65,2,2,605
L3,L6,983,1647,2,1,549
L3,L6,983,1656,2,2,549
L3,L66,987,36,2,1,924
L3,L66,29,34,2,1,447
L3,L66,29,65,2,2,605
L3,L9,18,18,1,1,0
L3,L9,953,399,1,1,482
L3,L9,18,180,1,2,395
L3,L9,953,398,1,2,482
L3,L9,983,1656,2,1,549
L3,L9,29,65,2,1,605
L3,L9,983,1647,2,2,549
L3,L9,987,36,2,2,924
L3,L9,29,34,2,2,447
L3,251,1,506,2,1,529
L3,251,1,506,2,2,529
L30,L43,36,36,1,1,0
L30,L43,991,63,1,2,402
L30,L43,62,38,2,1,525
L30,L43,62,61,2,2,443
L30,L5,36,36,1,1,0
L30,L5,991,63,1,2,402
L30,L5,62,38,2,1,525
L30,L5,62,61,2,2,443
L30,L6,990,7,1,1,723
L30,L6,990,988,1,2,511
L30,L6,991,949,2,1,446
L30,L6,991,987,2,2,526
L30,L66,36,36,1,1,0
L30,L66,991,63,1,2,402
L30,L66,62,38,2,1,525
L30,L66,62,61,2,2,443
L30,L9,991,63,1,1,402
L30,L9,36,36,1,2,0
L30,L9,62,61,2,1,443
L30,L9,62,38,2,2,525
L33,L332,1011,1084,1,1,77
L33,L332,1011,1085,1,2,77
L33,L332,1056,1083,2,1,18
L33,L332,1056,1086,2,2,18
L33,L35,542,507,2,1,45
L33,L35,542,542,2,2,0
L33,L4,506,1,2,1,529
L33,L4,506,1,2,2,529
L33,L45,542,507,2,1,45
L33,L45,542,542,2,2,0
L33,L5,506,1,2,1,529
L33,L5,506,1,2,2,529
L33,L6,542,375,2,1,97
L33,L6,542,381,2,2,97
L33,L66,506,1,2,1,529
L33,L66,506,1,2,2,529
L33,251,542,381,2,1,97
L33,251,542,375,2,2,97
L332,L43,1097,427,2,1,29
L332,L43,1097,444,2,2,0
L35,L4,506,1,2,1,529
L35,L4,506,1,2,2,529
L35,L40,1118,1118,1,1,0
L35,L40,1118,1139,1,2,0
L35,L40,1135,1118,2,1,432
L35,L40,1135,1139,2,2,432
L35,L41,1118,1118,1,1,0
L35,L41,1118,1139,1,2,0
L35,L41,1135,1430,2,1,116
L35,L41,1135,1431,2,2,75
L35,L45,1159,512,2,1,295
L35,L45,1159,537,2,2,224
L35,L5,506,1,2,1,529
L35,L5,506,1,2,2,529
L35,L6,542,375,2,1,97
L35,L6,542,381,2,2,97
L35,L66,506,1,2,1,529
L35,L66,506,1,2,2,529
L35,251,542,381,2,1,97
L35,251,542,375,2,2,97
L36,L38,144,1160,1,1,282
L36,L38,144,1268,1,2,341
L36,L38,1179,1183,2,1,278
L36,L38,321,19,2,1,626
L36,L38,1179,1179,2,2,0
L36,L38,321,16,2,2,623
L36,L4,320,1328,2,1,246
L36,L4,320,1345,2,2,246
L36,L43,619,18,2,1,220
L36,L43,619,18,2,2,220
L36,L44,321,19,2,1,626
L36,L44,619,17,2,2,176
L36,L441,321,19,2,1,626
L36,L441,321,1630,2,2,623
L36,L5,619,18,2,1,220
L36,L5,619,66,2,2,435
L36,L6,619,18,2,1,220
L36,L6,619,66,2,2,435
L36,L66,619,18,2,1,220
L36,L66,619,66,2,2,435
L36,L7,314,1345,1,1,248
L36,L7,314,1328,1,2,248
L36,L7,111,144,2,1,420
L36,L7,111,111,2,2,0
L36,L9,320,1328,2,1,246
L36,L9,320,1345,2,2,246
L38,L4,17,311,2,1,495
L38,L4,17,322,2,2,442
L38,L43,18,18,2,1,0
L38,L43,18,18,2,2,0
L38,L44,20,14,1,2,1054
L38,L44,12,23,2,1,616
L38,L44,12,12,2,2,0
L38,L441,12,1577,2,1,616
L38,L441,12,1627,2,2,0
L38,L5,18,18,2,1,0
L38,L5,18,66,2,2,215
L38,L6,18,18,2,1,0
L38,L6,18,66,2,2,215
L38,L66,18,18,2,1,0
L38,L66,18,66,2,2,215
L38,L7,1160,168,1,1,463
L38,L7,1160,174,1,2,445
L38,L7,1268,145,2,1,249
L38,L7,1268,110,2,2,189
L38,L9,17,311,2,1,495
L38,L9,17,322,2,2,442
L39,L40,1293,1305,1,1,25
L39,L40,1293,1293,1,2,0
L39,L6,363,363,2,1,0
L39,L6,363,363,2,2,0
L39,L7,363,862,2,1,132
L39,L7,363,364,2,2,241
L39,L9,363,364,2,1,241
L39,L9,363,862,2,2,132
L4,L43,18,18,1,1,0
L4,L43,18,18,1,2,0
L4,L43,66,18,2,1,215
L4,L43,66,18,2,2,215
L4,L44,18,1508,1,1,261
L4,L44,18,17,1,2,300
L4,L44,321,19,2,1,626
L4,L44,322,17,2,2,442
L4,L441,18,1508,1,1,261
L4,L441,18,17,1,2,300
L4,L441,321,19,2,1,626
L4,L441,321,1630,2,2,623
L4,L45,1,506,2,1,529
L4,L45,1,506,2,2,529
L4,L5,66,18,2,1,215
L4,L5,66,66,2,2,0
L4,L6,66,18,2,1,215
L4,L6,66,66,2,2,0
L4,L66,66,18,2,1,215
L4,L66,66,66,2,2,0
L4,L7,1328,1345,1,1,0
L4,L7,1328,1328,1,2,0
L4,L7,1342,1342,2,1,0
L4,L7,1341,1331,2,2,183
L4,L9,18,18,1,1,0
L4,L9,18,180,1,2,395
L4,L9,1341,1331,2,1,183
L4,L9,1342,1342,2,2,0
L4,251,1,506,2,1,529
L4,251,1,506,2,2,529
L40,L41,1393,1346,2,1,0
L40,L41,1393,1393,2,2,0
L41,L45,1411,1637,1,1,52
L41,L45,1450,1637,2,1,78
L41,L45,1450,1639,2,2,128
L41,L45,1452,1409,2,2,22
L43,L44,18,1508,2,1,261
L43,L44,18,17,2,2,300
L43,L441,18,1508,2,1,261
L43,L441,18,17,2,2,300
L43,L5,459,411,2,1,183
L43,L5,459,459,2,2,0
L43,L6,36,987,1,2,924
L43,L6,65,5,2,1,505
L43,L6,65,29,2,2,605
L43,L66,463,1659,2,1,427
L43,L66,463,1671,2,2,533
L43,L9,59,58,2,1,710
L43,L9,59,41,2,2,710
L44,L441,1515,1586,1,1,174
L44,L441,1523,1523,1,1,0
L44,L441,1515,1621,1,2,112
L44,L441,1522,1617,1,2,46
L44,L441,1560,1523,2,1,0
L44,L441,1562,1590,2,1,41
L44,L441,1570,1585,2,1,109
L44,L441,1560,1615,2,2,0
L44,L441,1563,1563,2,2,0
L44,L441,1570,1570,2,2,0
L44,L5,17,18,2,1,300
L44,L5,17,66,2,2,515
L44,L6,17,18,2,1,300
L44,L6,17,66,2,2,515
L44,L66,17,18,2,1,300
L44,L66,17,66,2,2,515
L44,L9,17,18,2,1,300
L44,L9,17,180,2,2,213
L441,L5,17,18,2,1,300
L441,L5,17,66,2,2,515
L441,L6,17,18,2,1,300
L441,L6,17,66,2,2,515
L441,L66,17,18,2,1,300
L441,L66,17,66,2,2,515
L441,L9,17,311,2,1,495
L441,L9,17,322,2,2,442
L45,L5,506,1,2,1,529
L45,L5,506,1,2,2,529
L45,L6,542,375,2,1,97
L45,L6,542,381,2,2,97
L45,L66,506,1,2,1,529
L45,L66,506,1,2,2,529
L45,251,542,381,2,1,97
L45,251,542,375,2,2,97
L5,L6,741,188,1,1,125
L5,L6,36,987,1,2,924
L5,L6,741,52,1,2,127
L5,L6,767,188,2,1,125
L5,L6,65,5,2,1,505
L5,L6,767,52,2,2,127
L5,L6,65,29,2,2,605
L5,L66,463,1659,2,1,427
L5,L66,463,1671,2,2,533
L5,L9,18,18,1,1,0
L5,L9,741,52,1,1,127
L5,L9,18,180,1,2,395
L5,L9,741,188,1,2,125
L5,L9,767,52,2,1,127
L5,L9,59,58,2,1,710
L5,L9,767,188,2,2,125
L5,L9,59,41,2,2,710
L5,251,1,506,2,1,529
L5,251,1,506,2,2,529
L6,L66,2,1,1,1,257
L6,L66,2,1,1,2,257
L6,L66,987,36,2,1,924
L6,L66,29,34,2,1,447
L6,L66,29,65,2,2,605
L6,L7,386,1674,2,1,497
L6,L7,386,1697,2,2,438
L6,L9,18,18,1,1,0
L6,L9,1646,399,1,1,382
L6,L9,18,180,1,2,395
L6,L9,1646,398,1,2,382
L6,L9,29,65,2,1,605
L6,L9,387,1699,2,1,240
L6,L9,987,36,2,2,924
L6,L9,29,34,2,2,447
L6,L9,387,388,2,2,278
L6,251,372,543,1,1,75
L6,251,372,618,1,2,75
L6,251,381,506,2,1,626
L6,251,381,506,2,2,626
L66,L9,18,18,1,1,0
L66,L9,18,180,1,2,395
L66,L9,59,58,2,1,710
L66,L9,59,41,2,2,710
L66,251,1,506,2,1,529
L66,251,1,506,2,2,529
L7,L9,1328,1328,2,1,0
L7,L9,1328,1345,2,2,0
