bus,direction,stop_id,stop
L1,1,0,1
L1,1,1,2
L1,1,2,3
L1,1,3,4
L1,1,4,5
L1,1,5,6
L1,1,6,7
L1,1,7,8
L1,1,8,9
L1,1,9,10
L1,1,10,11
L1,1,11,12
L1,1,12,13
L1,1,13,14
L1,1,14,15
L1,1,15,16
L1,1,16,17
L1,1,17,18
L1,2,0,18
L1,2,1,19
L1,2,2,20
L1,2,3,21
L1,2,4,22
L1,2,5,23
L1,2,6,24
L1,2,7,25
L1,2,8,26
L1,2,9,27
L1,2,10,28
L1,2,11,29
L1,2,12,30
L1,2,13,31
L1,2,14,32
L1,2,15,1
L10,1,0,1
L10,1,1,2
L10,1,2,3
L10,1,3,33
L10,1,4,18
L10,1,5,34
L10,1,6,35
L10,1,7,36
L10,1,8,37
L10,1,9,38
L10,1,10,39
L10,1,11,40
L10,1,12,41
L10,1,13,42
L10,1,14,43
L10,1,15,44
L10,1,16,45
L10,1,17,46
L10,1,18,47
L10,1,19,48
L10,1,20,49
L10,2,0,50
L10,2,1,51
L10,2,2,52
L10,2,3,53
L10,2,4,54
L10,2,5,55
L10,2,6,56
L10,2,7,57
L10,2,8,58
L10,2,9,59
L10,2,10,60
L10,2,11,61
L10,2,12,62
L10,2,13,63
L10,2,14,64
L10,2,15,65
L10,2,16,66
L10,2,17,31
L10,2,18,32
L10,2,19,1
L11,1,0,67
L11,1,1,68
L11,1,2,69
L11,1,3,70
L11,1,4,71
L11,1,5,72
L11,1,6,73
L11,1,7,74
L11,1,8,75
L11,1,9,76
L11,1,10,77
L11,1,11,78
L11,1,12,79
L11,1,13,80
L11,1,14,81
L11,1,15,82
L11,1,16,83
L11,1,17,84
L11,1,18,2
L11,1,19,3
L11,1,20,33
L11,1,21,18
L11,2,0,66
L11,2,1,31
L11,2,2,32
L11,2,3,85
L11,2,4,86
L11,2,5,87
L11,2,6,88
L11,2,7,89
L11,2,8,90
L11,2,9,91
L11,2,10,92
L11,2,11,93
L11,2,12,94
L11,2,13,95
L11,2,14,96
L11,2,15,97
L11,2,16,98
L11,2,17,99
L11,2,18,100
L11,2,19,101
L11,2,20,102
L12,1,0,103
L12,1,1,104
L12,1,2,105
L12,1,3,106
L12,1,4,107
L12,1,5,108
L12,1,6,109
L12,1,7,110
L12,1,8,111
L12,1,9,112
L12,1,10,113
L12,1,11,114
L12,1,12,115
L12,1,13,116
L12,1,14,117
L12,1,15,13
L12,1,16,14
L12,1,17,15
L12,1,18,16
L12,1,19,17
L12,1,20,66
L12,1,21,31
L12,1,22,32
L12,1,23,85
L12,1,24,86
L12,1,25,87
L12,1,26,88
L12,1,27,89
L12,1,28,90
L12,1,29,91
L12,1,30,118
L12,1,31,119
L12,1,32,120
L12,1,33,121
L12,1,34,122
L12,1,35,123
L12,1,36,124
L12,1,37,125
L12,1,38,126
L12,1,39,127
L12,2,0,128
L12,2,1,129
L12,2,2,130
L12,2,3,131
L12,2,4,132
L12,2,5,133
L12,2,6,134
L12,2,7,135
L12,2,8,136
L12,2,9,137
L12,2,10,78
L12,2,11,79
L12,2,12,80
L12,2,13,81
L12,2,14,82
L12,2,15,83
L12,2,16,84
L12,2,17,2
L12,2,18,3
L12,2,19,33
L12,2,20,18
L12,2,21,19
L12,2,22,20
L12,2,23,21
L12,2,24,22
L12,2,25,138
L12,2,26,139
L12,2,27,140
L12,2,28,141
L12,2,29,142
L12,2,30,143
L12,2,31,144
L12,2,32,145
L12,2,33,146
L12,2,34,147
L12,2,35,148
L12,2,36,149
L12,2,37,150
L12,2,38,151
L12,2,39,152
L12,2,40,153
L13,1,0,50
L13,1,1,51
L13,1,2,52
L13,1,3,154
L13,1,4,155
L13,1,5,156
L13,1,6,157
L13,1,7,158
L13,1,8,159
L13,1,9,160
L13,1,10,54
L13,1,11,55
L13,1,12,56
L13,1,13,57
L13,1,14,58
L13,1,15,59
L13,1,16,60
L13,1,17,61
L13,1,18,62
L13,1,19,63
L13,1,20,64
L13,1,21,65
L13,1,22,18
L13,1,23,19
L13,1,24,20
L13,1,25,21
L13,1,26,22
L13,1,27,138
L13,1,28,139
L13,1,29,161
L13,1,30,162
L13,1,31,163
L13,1,32,164
L13,1,33,165
L13,1,34,166
L13,1,35,167
L13,1,36,168
L13,1,37,144
L13,1,38,145
L13,1,39,146
L13,1,40,169
L13,1,41,170
L13,1,42,171
L13,1,43,152
L13,1,44,153
L13,2,0,103
L13,2,1,104
L13,2,2,172
L13,2,3,173
L13,2,4,109
L13,2,5,110
L13,2,6,111
L13,2,7,174
L13,2,8,175
L13,2,9,176
L13,2,10,177
L13,2,11,178
L13,2,12,179
L13,2,13,116
L13,2,14,117
L13,2,15,13
L13,2,16,14
L13,2,17,15
L13,2,18,16
L13,2,19,17
L13,2,20,180
L13,2,21,34
L13,2,22,35
L13,2,23,36
L13,2,24,37
L13,2,25,38
L13,2,26,39
L13,2,27,40
L13,2,28,41
L13,2,29,42
L13,2,30,43
L13,2,31,44
L13,2,32,45
L13,2,33,181
L13,2,34,182
L13,2,35,183
L13,2,36,184
L13,2,37,185
L13,2,38,186
L13,2,39,187
L13,2,40,188
L13,2,41,48
L13,2,42,49
L14,1,0,1
L14,1,1,3
L14,1,2,33
L14,1,3,18
L14,1,4,34
L14,1,5,35
L14,1,6,36
L14,1,7,37
L14,1,8,38
L14,1,9,39
L14,1,10,189
L14,1,11,190
L14,1,12,191
L14,1,13,192
L14,1,14,193
L14,1,15,194
L14,1,16,195
L14,1,17,196
L14,1,18,197
L14,1,19,198
L14,1,20,199
L14,1,21,200
L14,1,22,201
L14,1,23,202
L14,1,24,203
L14,1,25,204
L14,1,26,205
L14,2,0,206
L14,2,1,207
L14,2,2,208
L14,2,3,209
L14,2,4,210
L14,2,5,211
L14,2,6,212
L14,2,7,213
L14,2,8,214
L14,2,9,60
L14,2,10,61
L14,2,11,62
L14,2,12,63
L14,2,13,64
L14,2,14,65
L14,2,15,66
L14,2,16,31
L14,2,17,32
L14,2,18,1
L15,1,0,215
L15,1,1,3
L15,1,2,18
L15,1,3,23
L15,1,4,22
L15,1,5,21
L15,1,6,20
L15,1,7,19
L15,1,8,216
L15,1,9,217
L15,1,10,218
L15,2,0,219
L15,2,1,220
L15,2,2,221
L15,2,3,16
L15,2,4,15
L15,2,5,14
L15,2,6,13
L15,2,7,17
L15,2,8,66
L15,2,9,31
L15,2,10,32
L15,2,11,215
L16,1,0,1
L16,1,1,2
L16,1,2,3
L16,1,3,33
L16,1,4,18
L16,1,5,5
L16,1,6,6
L16,1,7,222
L16,1,8,223
L16,1,9,224
L16,1,10,225
L16,1,11,226
L16,1,12,227
L16,1,13,228
L16,1,14,229
L16,1,15,230
L16,1,16,231
L16,1,17,232
L16,1,18,233
L16,1,19,234
L16,1,20,235
L16,1,21,236
L16,1,22,237
L16,1,23,238
L16,1,24,239
L16,1,25,240
L16,2,0,241
L16,2,1,242
L16,2,2,243
L16,2,3,244
L16,2,4,245
L16,2,5,246
L16,2,6,247
L16,2,7,248
L16,2,8,249
L16,2,9,250
L16,2,10,251
L16,2,11,252
L16,2,12,253
L16,2,13,254
L16,2,14,255
L16,2,15,256
L16,2,16,257
L16,2,17,258
L16,2,18,259
L16,2,19,27
L16,2,20,28
L16,2,21,29
L16,2,22,66
L16,2,23,31
L16,2,24,32
L16,2,25,1
L17,1,0,2
L17,1,1,3
L17,1,2,33
L17,1,3,18
L17,1,4,260
L17,1,5,261
L17,1,6,262
L17,1,7,263
L17,1,8,264
L17,1,9,265
L17,1,10,266
L17,1,11,267
L17,1,12,268
L17,1,13,269
L17,1,14,270
L17,1,15,271
L17,1,16,272
L17,1,17,273
L17,1,18,274
L17,1,19,275
L17,1,20,276
L17,1,21,277
L17,2,0,278
L17,2,1,279
L17,2,2,280
L17,2,3,281
L17,2,4,282
L17,2,5,283
L17,2,6,284
L17,2,7,285
L17,2,8,286
L17,2,9,287
L17,2,10,288
L17,2,11,289
L17,2,12,290
L17,2,13,291
L17,2,14,292
L17,2,15,293
L17,2,16,294
L17,2,17,295
L17,2,18,296
L17,2,19,297
L17,2,20,66
L17,2,21,31
L17,2,22,32
L18,1,0,298
L18,1,1,299
L18,1,2,300
L18,1,3,301
L18,1,4,302
L18,1,5,303
L18,1,6,304
L18,1,7,305
L18,1,8,306
L18,1,9,307
L18,1,10,308
L18,1,11,76
L18,1,12,77
L18,1,13,78
L18,1,14,79
L18,1,15,80
L18,1,16,81
L18,1,17,82
L18,1,18,83
L18,1,19,309
L18,1,20,310
L18,1,21,64
L18,1,22,65
L18,1,23,18
L18,1,24,311
L18,1,25,312
L18,1,26,313
L18,1,27,314
L18,1,28,315
L18,1,29,316
L18,1,30,163
L18,1,31,164
L18,1,32,165
L18,1,33,166
L18,1,34,167
L18,1,35,168
L18,1,36,144
L18,1,37,145
L18,1,38,146
L18,1,39,169
L18,1,40,170
L18,1,41,171
L18,1,42,152
L18,1,43,153
L18,2,0,103
L18,2,1,104
L18,2,2,172
L18,2,3,173
L18,2,4,109
L18,2,5,110
L18,2,6,111
L18,2,7,174
L18,2,8,175
L18,2,9,176
L18,2,10,177
L18,2,11,317
L18,2,12,318
L18,2,13,319
L18,2,14,320
L18,2,15,321
L18,2,16,322
L18,2,17,180
L18,2,18,34
L18,2,19,35
L18,2,20,323
L18,2,21,324
L18,2,22,86
L18,2,23,87
L18,2,24,88
L18,2,25,89
L18,2,26,90
L18,2,27,91
L18,2,28,92
L18,2,29,93
L18,2,30,325
L18,2,31,326
L18,2,32,327
L18,2,33,328
L18,2,34,329
L18,2,35,330
L18,2,36,331
L18,2,37,332
L18,2,38,333
L18,2,39,334
L18,2,40,335
L19,1,0,1
L19,1,1,2
L19,1,2,18
L19,1,3,5
L19,1,4,336
L19,1,5,324
L19,1,6,86
L19,1,7,87
L19,1,8,89
L19,1,9,337
L19,2,0,337
L19,2,1,80
L19,2,2,82
L19,2,3,83
L19,2,4,84
L19,2,5,1
L2,1,0,1
L2,1,1,338
L2,1,2,339
L2,1,3,340
L2,1,4,341
L2,1,5,342
L2,1,6,343
L2,1,7,344
L2,1,8,345
L2,1,9,346
L2,1,10,347
L2,1,11,348
L2,1,12,349
L2,1,13,350
L2,1,14,351
L2,2,0,351
L2,2,1,352
L2,2,2,353
L2,2,3,354
L2,2,4,355
L2,2,5,356
L2,2,6,357
L2,2,7,358
L2,2,8,359
L2,2,9,360
L2,2,10,361
L2,2,11,362
L2,2,12,32
L2,2,13,1
L20,1,0,363
L20,1,1,364
L20,1,2,365
L20,1,3,366
L20,1,4,367
L20,1,5,368
L20,1,6,369
L20,1,7,370
L20,1,8,371
L20,1,9,372
L20,1,10,373
L20,1,11,374
L20,1,12,375
L20,1,13,376
L20,1,14,85
L20,1,15,86
L20,1,16,87
L20,1,17,88
L20,1,18,89
L20,1,19,90
L20,1,20,91
L20,1,21,92
L20,1,22,93
L20,1,23,325
L20,1,24,326
L20,1,25,327
L20,1,26,328
L20,1,27,329
L20,1,28,330
L20,1,29,331
L20,1,30,377
L20,1,31,378
L20,2,0,378
L20,2,1,379
L20,2,2,302
L20,2,3,303
L20,2,4,304
L20,2,5,305
L20,2,6,306
L20,2,7,307
L20,2,8,308
L20,2,9,76
L20,2,10,77
L20,2,11,78
L20,2,12,79
L20,2,13,80
L20,2,14,81
L20,2,15,82
L20,2,16,83
L20,2,17,84
L20,2,18,380
L20,2,19,381
L20,2,20,382
L20,2,21,383
L20,2,22,384
L20,2,23,385
L20,2,24,386
L20,2,25,387
L20,2,26,388
L20,2,27,389
L20,2,28,390
L20,2,29,391
L20,2,30,363
L21,1,0,90
L21,1,1,91
L21,1,2,92
L21,1,3,93
L21,1,4,325
L21,1,5,326
L21,1,6,327
L21,1,7,328
L21,1,8,329
L21,1,9,330
L21,1,10,331
L21,1,11,377
L21,1,12,392
L21,1,13,393
L21,1,14,394
L21,1,15,395
L21,1,16,396
L21,1,17,397
L21,1,18,55
L21,1,19,56
L21,1,20,57
L21,1,21,398
L21,2,0,399
L21,2,1,42
L21,2,2,43
L21,2,3,44
L21,2,4,400
L21,2,5,401
L21,2,6,402
L21,2,7,403
L21,2,8,404
L21,2,9,405
L21,2,10,379
L21,2,11,302
L21,2,12,303
L21,2,13,304
L21,2,14,305
L21,2,15,306
L21,2,16,307
L21,2,17,308
L21,2,18,76
L21,2,19,77
L21,2,20,78
L21,2,21,79
L22,1,0,180
L22,1,1,34
L22,1,2,35
L22,1,3,36
L22,1,4,37
L22,1,5,38
L22,1,6,39
L22,1,7,40
L22,1,8,406
L22,1,9,407
L22,1,10,408
L22,1,11,409
L22,1,12,410
L22,1,13,411
L22,1,14,412
L22,1,15,413
L22,1,16,414
L22,1,17,415
L22,1,18,416
L22,1,19,417
L22,1,20,418
L22,1,21,419
L22,1,22,420
L22,1,23,421
L22,1,24,422
L22,1,25,423
L22,1,26,424
L22,1,27,425
L22,1,28,426
L22,1,29,427
L22,1,30,428
L22,1,31,429
L22,1,32,430
L22,1,33,431
L22,1,34,432
L22,1,35,433
L22,1,36,434
L22,1,37,435
L22,1,38,436
L22,2,0,436
L22,2,1,437
L22,2,2,438
L22,2,3,439
L22,2,4,440
L22,2,5,441
L22,2,6,442
L22,2,7,443
L22,2,8,444
L22,2,9,445
L22,2,10,446
L22,2,11,447
L22,2,12,448
L22,2,13,449
L22,2,14,450
L22,2,15,451
L22,2,16,452
L22,2,17,453
L22,2,18,454
L22,2,19,455
L22,2,20,456
L22,2,21,457
L22,2,22,458
L22,2,23,459
L22,2,24,460
L22,2,25,461
L22,2,26,462
L22,2,27,463
L22,2,28,464
L22,2,29,59
L22,2,30,60
L22,2,31,61
L22,2,32,62
L22,2,33,63
L22,2,34,64
L22,2,35,65
L22,2,36,180
L23,1,0,180
L23,1,1,5
L23,1,2,6
L23,1,3,222
L23,1,4,223
L23,1,5,224
L23,1,6,225
L23,1,7,226
L23,1,8,227
L23,1,9,465
L23,1,10,466
L23,1,11,467
L23,1,12,468
L23,1,13,469
L23,1,14,470
L23,1,15,471
L23,1,16,472
L23,1,17,473
L23,1,18,474
L23,1,19,475
L23,1,20,476
L23,1,21,477
L23,1,22,478
L23,1,23,479
L23,1,24,480
L23,1,25,481
L23,1,26,482
L23,1,27,483
L23,1,28,484
L23,2,0,485
L23,2,1,486
L23,2,2,487
L23,2,3,488
L23,2,4,489
L23,2,5,490
L23,2,6,491
L23,2,7,492
L23,2,8,493
L23,2,9,494
L23,2,10,495
L23,2,11,496
L23,2,12,497
L23,2,13,498
L23,2,14,499
L23,2,15,500
L23,2,16,501
L23,2,17,502
L23,2,18,503
L23,2,19,504
L23,2,20,254
L23,2,21,255
L23,2,22,256
L23,2,23,257
L23,2,24,505
L23,2,25,259
L23,2,26,27
L23,2,27,28
L23,2,28,29
L23,2,29,180
L24,1,0,506
L24,1,1,507
L24,1,2,508
L24,1,3,509
L24,1,4,510
L24,1,5,511
L24,1,6,512
L24,1,7,513
L24,1,8,514
L24,1,9,515
L24,1,10,516
L24,1,11,517
L24,1,12,518
L24,1,13,519
L24,1,14,520
L24,1,15,521
L24,1,16,522
L24,1,17,523
L24,1,18,524
L24,2,0,525
L24,2,1,526
L24,2,2,527
L24,2,3,528
L24,2,4,529
L24,2,5,530
L24,2,6,531
L24,2,7,532
L24,2,8,533
L24,2,9,534
L24,2,10,535
L24,2,11,536
L24,2,12,537
L24,2,13,538
L24,2,14,539
L24,2,15,540
L24,2,16,541
L24,2,17,542
L24,2,18,506
L25,1,0,506
L25,1,1,381
L25,1,2,382
L25,1,3,383
L25,1,4,543
L25,1,5,544
L25,1,6,545
L25,1,7,546
L25,1,8,547
L25,1,9,548
L25,1,10,549
L25,1,11,550
L25,1,12,551
L25,1,13,552
L25,1,14,553
L25,1,15,554
L25,1,16,555
L25,1,17,556
L25,1,18,557
L25,1,19,558
L25,1,20,559
L25,1,21,560
L25,1,22,561
L25,1,23,562
L25,1,24,563
L25,1,25,564
L25,1,26,565
L25,1,27,566
L25,1,28,567
L25,1,29,568
L25,1,30,569
L25,1,31,570
L25,1,32,571
L25,1,33,572
L25,1,34,573
L25,1,35,574
L25,1,36,575
L25,1,37,576
L25,1,38,577
L25,1,39,578
L25,1,40,579
L25,1,41,580
L25,2,0,581
L25,2,1,582
L25,2,2,583
L25,2,3,584
L25,2,4,585
L25,2,5,586
L25,2,6,587
L25,2,7,588
L25,2,8,589
L25,2,9,590
L25,2,10,591
L25,2,11,592
L25,2,12,593
L25,2,13,594
L25,2,14,595
L25,2,15,596
L25,2,16,597
L25,2,17,598
L25,2,18,599
L25,2,19,600
L25,2,20,601
L25,2,21,602
L25,2,22,603
L25,2,23,604
L25,2,24,605
L25,2,25,606
L25,2,26,607
L25,2,27,608
L25,2,28,609
L25,2,29,610
L25,2,30,611
L25,2,31,612
L25,2,32,613
L25,2,33,614
L25,2,34,615
L25,2,35,616
L25,2,36,617
L25,2,37,618
L25,2,38,373
L25,2,39,374
L25,2,40,375
L25,2,41,506
L26,1,0,619
L26,1,1,260
L26,1,2,261
L26,1,3,262
L26,1,4,263
L26,1,5,264
L26,1,6,265
L26,1,7,266
L26,1,8,267
L26,1,9,268
L26,1,10,269
L26,1,11,620
L26,1,12,621
L26,1,13,622
L26,1,14,623
L26,1,15,624
L26,1,16,625
L26,1,17,626
L26,1,18,627
L26,1,19,628
L26,1,20,629
L26,1,21,630
L26,1,22,631
L26,1,23,632
L26,1,24,633
L26,1,25,634
L26,1,26,635
L26,2,0,635
L26,2,1,636
L26,2,2,637
L26,2,3,638
L26,2,4,639
L26,2,5,640
L26,2,6,641
L26,2,7,642
L26,2,8,643
L26,2,9,644
L26,2,10,645
L26,2,11,646
L26,2,12,647
L26,2,13,648
L26,2,14,649
L26,2,15,650
L26,2,16,287
L26,2,17,288
L26,2,18,289
L26,2,19,290
L26,2,20,291
L26,2,21,292
L26,2,22,293
L26,2,23,294
L26,2,24,295
L26,2,25,296
L26,2,26,297
L26,2,27,619
L261,1,0,619
L261,1,1,260
L261,1,2,261
L261,1,3,262
L261,1,4,263
L261,1,5,264
L261,1,6,265
L261,1,7,266
L261,1,8,267
L261,1,9,268
L261,1,10,269
L261,1,11,620
L261,1,12,621
L261,1,13,622
L261,1,14,623
L261,1,15,624
L261,1,16,625
L261,1,17,626
L261,1,18,651
L261,1,19,652
L261,1,20,653
L261,1,21,654
L261,1,22,655
L261,1,23,656
L261,1,24,657
L261,1,25,658
L261,1,26,659
L261,1,27,660
L261,1,28,661
L261,1,29,662
L261,1,30,663
L261,1,31,664
L261,1,32,665
L261,1,33,666
L261,1,34,667
L261,1,35,668
L261,1,36,669
L261,1,37,670
L261,1,38,671
L261,1,39,672
L261,1,40,673
L261,1,41,674
L261,1,42,675
L261,1,43,676
L261,1,44,677
L261,1,45,678
L261,1,46,679
L261,1,47,680
L261,1,48,681
L261,1,49,682
L261,1,50,683
L261,1,51,684
L261,1,52,685
L261,1,53,686
L261,1,54,687
L261,1,55,688
L261,2,0,689
L261,2,1,690
L261,2,2,691
L261,2,3,692
L261,2,4,693
L261,2,5,694
L261,2,6,695
L261,2,7,696
L261,2,8,697
L261,2,9,698
L261,2,10,699
L261,2,11,700
L261,2,12,701
L261,2,13,702
L261,2,14,703
L261,2,15,704
L261,2,16,705
L261,2,17,706
L261,2,18,707
L261,2,19,708
L261,2,20,709
L261,2,21,710
L261,2,22,711
L261,2,23,712
L261,2,24,713
L261,2,25,714
L261,2,26,715
L261,2,27,716
L261,2,28,717
L261,2,29,718
L261,2,30,719
L261,2,31,720
L261,2,32,721
L261,2,33,722
L261,2,34,723
L261,2,35,724
L261,2,36,725
L261,2,37,726
L261,2,38,644
L261,2,39,645
L261,2,40,646
L261,2,41,647
L261,2,42,648
L261,2,43,649
L261,2,44,650
L261,2,45,287
L261,2,46,288
L261,2,47,289
L261,2,48,290
L261,2,49,291
L261,2,50,292
L261,2,51,293
L261,2,52,294
L261,2,53,295
L261,2,54,296
L261,2,55,297
L261,2,56,619
L262,1,0,619
L262,1,1,260
L262,1,2,261
L262,1,3,262
L262,1,4,263
L262,1,5,264
L262,1,6,265
L262,1,7,266
L262,1,8,267
L262,1,9,268
L262,1,10,269
L262,1,11,620
L262,1,12,621
L262,1,13,622
L262,1,14,623
L262,1,15,624
L262,1,16,625
L262,1,17,626
L262,1,18,727
L262,1,19,728
L262,1,20,729
L262,1,21,730
L262,1,22,731
L262,1,23,732
L262,1,24,733
L262,2,0,733
L262,2,1,734
L262,2,2,735
L262,2,3,736
L262,2,4,737
L262,2,5,738
L262,2,6,739
L262,2,7,644
L262,2,8,645
L262,2,9,646
L262,2,10,647
L262,2,11,648
L262,2,12,649
L262,2,13,650
L262,2,14,287
L262,2,15,288
L262,2,16,289
L262,2,17,290
L262,2,18,291
L262,2,19,292
L262,2,20,293
L262,2,21,294
L262,2,22,295
L262,2,23,296
L262,2,24,297
L262,2,25,619
L27,1,0,180
L27,1,1,34
L27,1,2,35
L27,1,3,36
L27,1,4,37
L27,1,5,38
L27,1,6,39
L27,1,7,40
L27,1,8,406
L27,1,9,407
L27,1,10,408
L27,1,11,409
L27,1,12,410
L27,1,13,411
L27,1,14,740
L27,1,15,183
L27,1,16,184
L27,1,17,185
L27,1,18,186
L27,1,19,187
L27,1,20,741
L27,1,21,742
L27,1,22,743
L27,1,23,744
L27,1,24,745
L27,1,25,746
L27,1,26,747
L27,1,27,748
L27,1,28,749
L27,1,29,750
L27,1,30,751
L27,1,31,752
L27,1,32,753
L27,1,33,754
L27,2,0,755
L27,2,1,756
L27,2,2,757
L27,2,3,758
L27,2,4,759
L27,2,5,760
L27,2,6,761
L27,2,7,762
L27,2,8,763
L27,2,9,764
L27,2,10,765
L27,2,11,766
L27,2,12,767
L27,2,13,768
L27,2,14,769
L27,2,15,156
L27,2,16,157
L27,2,17,158
L27,2,18,770
L27,2,19,459
L27,2,20,460
L27,2,21,461
L27,2,22,462
L27,2,23,463
L27,2,24,464
L27,2,25,59
L27,2,26,60
L27,2,27,61
L27,2,28,62
L27,2,29,63
L27,2,30,64
L27,2,31,65
L27,2,32,180
L28,1,0,771
L28,1,1,772
L28,1,2,773
L28,1,3,774
L28,1,4,775
L28,1,5,266
L28,1,6,267
L28,1,7,776
L28,1,8,777
L28,1,9,778
L28,1,10,625
L28,1,11,779
L28,1,12,780
L28,1,13,781
L28,1,14,782
L28,1,15,783
L28,1,16,784
L28,1,17,785
L28,1,18,786
L28,1,19,787
L28,1,20,788
L28,1,21,789
L28,1,22,790
L28,1,23,791
L28,1,24,792
L28,1,25,793
L28,1,26,794
L28,1,27,795
L28,1,28,796
L28,1,29,797
L28,1,30,798
L28,1,31,799
L28,1,32,800
L28,1,33,801
L28,1,34,802
L28,1,35,803
L28,1,36,804
L28,1,37,805
L28,1,38,806
L28,1,39,807
L28,1,40,808
L28,1,41,809
L28,1,42,810
L28,1,43,811
L28,1,44,812
L28,1,45,813
L28,1,46,814
L28,1,47,815
L28,2,0,816
L28,2,1,817
L28,2,2,818
L28,2,3,819
L28,2,4,820
L28,2,5,821
L28,2,6,822
L28,2,7,823
L28,2,8,824
L28,2,9,825
L28,2,10,826
L28,2,11,827
L28,2,12,828
L28,2,13,829
L28,2,14,830
L28,2,15,831
L28,2,16,832
L28,2,17,833
L28,2,18,834
L28,2,19,835
L28,2,20,836
L28,2,21,837
L28,2,22,838
L28,2,23,839
L28,2,24,840
L28,2,25,841
L28,2,26,842
L28,2,27,843
L28,2,28,844
L28,2,29,845
L28,2,30,846
L28,2,31,847
L28,2,32,848
L28,2,33,849
L28,2,34,850
L28,2,35,851
L28,2,36,852
L28,2,37,853
L28,2,38,854
L28,2,39,855
L28,2,40,856
L28,2,41,289
L28,2,42,857
L28,2,43,858
L28,2,44,859
L28,2,45,860
L28,2,46,861
L28,2,47,771
L29,1,0,862
L29,1,1,863
L29,1,2,864
L29,1,3,865
L29,1,4,866
L29,1,5,867
L29,1,6,868
L29,1,7,869
L29,1,8,870
L29,1,9,871
L29,1,10,872
L29,1,11,873
L29,1,12,874
L29,1,13,875
L29,1,14,876
L29,1,15,877
L29,1,16,878
L29,1,17,879
L29,1,18,880
L29,1,19,881
L29,1,20,882
L29,1,21,883
L29,1,22,884
L29,1,23,885
L29,1,24,886
L29,1,25,887
L29,1,26,888
L29,1,27,889
L29,1,28,890
L29,1,29,891
L29,1,30,892
L29,1,31,893
L29,1,32,894
L29,1,33,895
L29,1,34,896
L29,1,35,897
L29,1,36,898
L29,1,37,899
L29,1,38,900
L29,1,39,901
L29,1,40,902
L29,1,41,903
L29,1,42,904
L29,1,43,905
L29,2,0,906
L29,2,1,907
L29,2,2,908
L29,2,3,909
L29,2,4,910
L29,2,5,911
L29,2,6,912
L29,2,7,913
L29,2,8,914
L29,2,9,915
L29,2,10,916
L29,2,11,917
L29,2,12,918
L29,2,13,919
L29,2,14,920
L29,2,15,921
L29,2,16,922
L29,2,17,923
L29,2,18,924
L29,2,19,925
L29,2,20,926
L29,2,21,927
L29,2,22,928
L29,2,23,929
L29,2,24,930
L29,2,25,931
L29,2,26,932
L29,2,27,933
L29,2,28,934
L29,2,29,935
L29,2,30,936
L29,2,31,937
L29,2,32,938
L29,2,33,939
L29,2,34,940
L29,2,35,941
L29,2,36,942
L29,2,37,943
L29,2,38,944
L29,2,39,945
L29,2,40,946
L29,2,41,947
L29,2,42,363
L3,1,0,1
L3,1,1,2
L3,1,2,3
L3,1,3,33
L3,1,4,18
L3,1,5,5
L3,1,6,6
L3,1,7,948
L3,1,8,949
L3,1,9,950
L3,1,10,951
L3,1,11,952
L3,1,12,953
L3,1,13,954
L3,1,14,955
L3,1,15,956
L3,1,16,465
L3,1,17,466
L3,1,18,467
L3,1,19,468
L3,1,20,957
L3,1,21,958
L3,1,22,959
L3,1,23,960
L3,1,24,961
L3,1,25,962
L3,1,26,764
L3,1,27,963
L3,1,28,964
L3,1,29,965
L3,1,30,966
L3,1,31,967
L3,1,32,968
L3,1,33,969
L3,2,0,970
L3,2,1,971
L3,2,2,972
L3,2,3,973
L3,2,4,744
L3,2,5,974
L3,2,6,975
L3,2,7,976
L3,2,8,977
L3,2,9,978
L3,2,10,958
L3,2,11,979
L3,2,12,501
L3,2,13,502
L3,2,14,503
L3,2,15,504
L3,2,16,980
L3,2,17,981
L3,2,18,982
L3,2,19,983
L3,2,20,984
L3,2,21,985
L3,2,22,986
L3,2,23,987
L3,2,24,988
L3,2,25,28
L3,2,26,29
L3,2,27,66
L3,2,28,31
L3,2,29,32
L3,2,30,1
L30,1,0,254
L30,1,1,255
L30,1,2,256
L30,1,3,257
L30,1,4,989
L30,1,5,990
L30,1,6,951
L30,1,7,991
L30,1,8,36
L30,1,9,37
L30,1,10,992
L30,1,11,993
L30,2,0,994
L30,2,1,995
L30,2,2,62
L30,2,3,63
L30,2,4,991
L30,2,5,951
L30,2,6,990
L30,2,7,996
L30,2,8,224
L30,2,9,225
L30,2,10,226
L30,2,11,227
L33,1,0,506
L33,1,1,507
L33,1,2,997
L33,1,3,88
L33,1,4,89
L33,1,5,90
L33,1,6,91
L33,1,7,118
L33,1,8,119
L33,1,9,120
L33,1,10,121
L33,1,11,122
L33,1,12,123
L33,1,13,124
L33,1,14,998
L33,1,15,999
L33,1,16,1000
L33,1,17,1001
L33,1,18,1002
L33,1,19,1003
L33,1,20,1004
L33,1,21,1005
L33,1,22,1006
L33,1,23,1007
L33,1,24,1008
L33,1,25,1009
L33,1,26,1010
L33,1,27,1011
L33,1,28,1012
L33,1,29,1013
L33,1,30,1014
L33,1,31,1015
L33,1,32,1016
L33,1,33,1017
L33,1,34,1018
L33,1,35,1019
L33,1,36,1020
L33,1,37,1021
L33,1,38,1022
L33,1,39,1023
L33,1,40,1024
L33,1,41,1025
L33,1,42,1026
L33,1,43,1027
L33,1,44,1028
L33,1,45,1029
L33,1,46,1030
L33,1,47,1031
L33,1,48,1032
L33,1,49,1033
L33,1,50,1034
L33,2,0,1035
L33,2,1,1036
L33,2,2,1037
L33,2,3,1038
L33,2,4,1039
L33,2,5,1040
L33,2,6,1041
L33,2,7,1042
L33,2,8,1043
L33,2,9,1044
L33,2,10,1045
L33,2,11,1046
L33,2,12,1047
L33,2,13,1048
L33,2,14,1049
L33,2,15,1050
L33,2,16,1051
L33,2,17,1017
L33,2,18,1052
L33,2,19,1053
L33,2,20,1054
L33,2,21,1055
L33,2,22,1056
L33,2,23,1057
L33,2,24,1058
L33,2,25,1059
L33,2,26,1060
L33,2,27,1061
L33,2,28,1062
L33,2,29,1063
L33,2,30,1064
L33,2,31,1065
L33,2,32,1066
L33,2,33,1067
L33,2,34,1068
L33,2,35,1069
L33,2,36,131
L33,2,37,132
L33,2,38,133
L33,2,39,134
L33,2,40,1070
L33,2,41,136
L33,2,42,137
L33,2,43,78
L33,2,44,79
L33,2,45,80
L33,2,46,81
L33,2,47,1071
L33,2,48,542
L33,2,49,506
L332,1,0,445
L332,1,1,1072
L332,1,2,1073
L332,1,3,1074
L332,1,4,1075
L332,1,5,1076
L332,1,6,1077
L332,1,7,1078
L332,1,8,1079
L332,1,9,1080
L332,1,10,1081
L332,1,11,1082
L332,1,12,1083
L332,1,13,1084
L332,2,0,1085
L332,2,1,1086
L332,2,2,1087
L332,2,3,1088
L332,2,4,1089
L332,2,5,1090
L332,2,6,1091
L332,2,7,1092
L332,2,8,1093
L332,2,9,1094
L332,2,10,1095
L332,2,11,1096
L332,2,12,1097
L332,2,13,1098
L35,1,0,506
L35,1,1,507
L35,1,2,508
L35,1,3,509
L35,1,4,510
L35,1,5,1099
L35,1,6,1100
L35,1,7,1101
L35,1,8,1102
L35,1,9,1103
L35,1,10,1104
L35,1,11,1105
L35,1,12,1106
L35,1,13,1107
L35,1,14,1108
L35,1,15,1109
L35,1,16,1110
L35,1,17,1111
L35,1,18,1112
L35,1,19,1113
L35,1,20,1114
L35,1,21,1115
L35,1,22,1116
L35,1,23,1117
L35,1,24,1118
L35,1,25,1119
L35,1,26,1120
L35,1,27,1121
L35,1,28,1122
L35,1,29,1123
L35,1,30,1124
L35,1,31,1125
L35,1,32,1126
L35,1,33,1127
L35,1,34,1128
L35,2,0,1129
L35,2,1,1130
L35,2,2,1131
L35,2,3,1132
L35,2,4,1133
L35,2,5,1134
L35,2,6,1135
L35,2,7,1136
L35,2,8,1137
L35,2,9,1138
L35,2,10,1139
L35,2,11,1140
L35,2,12,1141
L35,2,13,1142
L35,2,14,1143
L35,2,15,1144
L35,2,16,1145
L35,2,17,1146
L35,2,18,1147
L35,2,19,1148
L35,2,20,1149
L35,2,21,1150
L35,2,22,1151
L35,2,23,1152
L35,2,24,1153
L35,2,25,1154
L35,2,26,1155
L35,2,27,1156
L35,2,28,1157
L35,2,29,1158
L35,2,30,1159
L35,2,31,539
L35,2,32,540
L35,2,33,541
L35,2,34,542
L35,2,35,506
L36,1,0,619
L36,1,1,311
L36,1,2,312
L36,1,3,313
L36,1,4,314
L36,1,5,315
L36,1,6,316
L36,1,7,178
L36,1,8,167
L36,1,9,168
L36,1,10,144
L36,1,11,1160
L36,1,12,1161
L36,1,13,1162
L36,1,14,1163
L36,1,15,1164
L36,1,16,1165
L36,1,17,1166
L36,1,18,1167
L36,1,19,1168
L36,1,20,1169
L36,1,21,1170
L36,1,22,1171
L36,2,0,1172
L36,2,1,1173
L36,2,2,1174
L36,2,3,1175
L36,2,4,1176
L36,2,5,1177
L36,2,6,1178
L36,2,7,1179
L36,2,8,1180
L36,2,9,111
L36,2,10,174
L36,2,11,175
L36,2,12,162
L36,2,13,317
L36,2,14,318
L36,2,15,319
L36,2,16,320
L36,2,17,321
L36,2,18,322
L36,2,19,619
L38,1,0,18
L38,1,1,19
L38,1,2,20
L38,1,3,21
L38,1,4,22
L38,1,5,23
L38,1,6,1181
L38,1,7,1182
L38,1,8,1160
L38,1,9,1161
L38,1,10,1183
L38,1,11,1184
L38,1,12,1185
L38,1,13,1186
L38,1,14,1187
L38,1,15,1188
L38,1,16,1189
L38,1,17,1190
L38,1,18,1191
L38,1,19,1192
L38,1,20,1193
L38,1,21,1194
L38,1,22,1195
L38,1,23,1196
L38,1,24,1197
L38,1,25,1198
L38,1,26,1199
L38,1,27,1200
L38,1,28,1201
L38,1,29,1202
L38,1,30,1203
L38,1,31,1204
L38,1,32,1205
L38,1,33,1206
L38,1,34,1207
L38,1,35,1208
L38,1,36,1209
L38,1,37,1210
L38,1,38,1211
L38,1,39,1212
L38,1,40,1213
L38,1,41,1214
L38,1,42,1215
L38,1,43,1216
L38,1,44,1217
L38,1,45,1218
L38,1,46,1219
L38,1,47,1220
L38,1,48,1221
L38,1,49,1222
L38,1,50,1223
L38,1,51,1224
L38,1,52,1225
L38,2,0,1226
L38,2,1,1227
L38,2,2,1228
L38,2,3,1229
L38,2,4,1230
L38,2,5,1231
L38,2,6,1232
L38,2,7,1233
L38,2,8,1234
L38,2,9,1235
L38,2,10,1236
L38,2,11,1237
L38,2,12,1238
L38,2,13,1239
L38,2,14,1240
L38,2,15,1241
L38,2,16,1242
L38,2,17,1243
L38,2,18,1244
L38,2,19,1245
L38,2,20,1246
L38,2,21,1247
L38,2,22,1248
L38,2,23,1249
L38,2,24,1250
L38,2,25,1251
L38,2,26,1252
L38,2,27,1253
L38,2,28,1254
L38,2,29,1255
L38,2,30,1256
L38,2,31,1257
L38,2,32,1258
L38,2,33,1259
L38,2,34,1260
L38,2,35,1261
L38,2,36,1262
L38,2,37,1263
L38,2,38,1264
L38,2,39,1265
L38,2,40,1266
L38,2,41,1267
L38,2,42,1179
L38,2,43,1180
L38,2,44,1268
L38,2,45,1269
L38,2,46,12
L38,2,47,13
L38,2,48,14
L38,2,49,15
L38,2,50,16
L38,2,51,17
L38,2,52,18
L39,1,0,862
L39,1,1,863
L39,1,2,864
L39,1,3,1270
L39,1,4,1271
L39,1,5,1272
L39,1,6,1273
L39,1,7,1274
L39,1,8,1275
L39,1,9,1276
L39,1,10,1277
L39,1,11,1278
L39,1,12,1279
L39,1,13,1280
L39,1,14,1281
L39,1,15,1282
L39,1,16,1283
L39,1,17,1284
L39,1,18,1285
L39,1,19,1286
L39,1,20,1287
L39,1,21,1288
L39,1,22,1289
L39,1,23,1290
L39,1,24,1291
L39,1,25,1292
L39,1,26,1293
L39,1,27,1294
L39,1,28,1295
L39,1,29,1296
L39,1,30,1297
L39,1,31,1298
L39,1,32,1299
L39,2,0,1299
L39,2,1,1300
L39,2,2,1301
L39,2,3,1302
L39,2,4,1303
L39,2,5,1304
L39,2,6,1305
L39,2,7,1306
L39,2,8,1307
L39,2,9,1308
L39,2,10,1309
L39,2,11,1310
L39,2,12,1311
L39,2,13,1312
L39,2,14,1313
L39,2,15,1314
L39,2,16,1315
L39,2,17,1316
L39,2,18,1317
L39,2,19,1318
L39,2,20,1319
L39,2,21,1320
L39,2,22,1321
L39,2,23,1322
L39,2,24,1323
L39,2,25,1324
L39,2,26,1325
L39,2,27,1326
L39,2,28,1327
L39,2,29,946
L39,2,30,947
L39,2,31,363
L4,1,0,1
L4,1,1,2
L4,1,2,3
L4,1,3,33
L4,1,4,18
L4,1,5,311
L4,1,6,312
L4,1,7,313
L4,1,8,1328
L4,1,9,1329
L4,1,10,1330
L4,1,11,1331
L4,1,12,1332
L4,1,13,1333
L4,1,14,1334
L4,1,15,1335
L4,1,16,1336
L4,2,0,1337
L4,2,1,1338
L4,2,2,1339
L4,2,3,1340
L4,2,4,1341
L4,2,5,1342
L4,2,6,1343
L4,2,7,1344
L4,2,8,1345
L4,2,9,320
L4,2,10,321
L4,2,11,322
L4,2,12,66
L4,2,13,31
L4,2,14,32
L4,2,15,1
L40,1,0,1118
L40,1,1,1119
L40,1,2,1120
L40,1,3,1121
L40,1,4,1346
L40,1,5,1347
L40,1,6,1348
L40,1,7,1349
L40,1,8,1350
L40,1,9,1351
L40,1,10,1352
L40,1,11,1353
L40,1,12,1354
L40,1,13,1355
L40,1,14,576
L40,1,15,577
L40,1,16,578
L40,1,17,579
L40,1,18,580
L40,1,19,1356
L40,1,20,1299
L40,1,21,1300
L40,1,22,1301
L40,1,23,1302
L40,1,24,1303
L40,1,25,1304
L40,1,26,1305
L40,1,27,1357
L40,1,28,1358
L40,1,29,1359
L40,1,30,1360
L40,1,31,1361
L40,1,32,1362
L40,1,33,1363
L40,1,34,1364
L40,1,35,1365
L40,1,36,1366
L40,1,37,1367
L40,1,38,1368
L40,1,39,1369
L40,1,40,1370
L40,1,41,905
L40,2,0,905
L40,2,1,906
L40,2,2,907
L40,2,3,908
L40,2,4,909
L40,2,5,910
L40,2,6,911
L40,2,7,1371
L40,2,8,1372
L40,2,9,1373
L40,2,10,1374
L40,2,11,1375
L40,2,12,1376
L40,2,13,1377
L40,2,14,1378
L40,2,15,1379
L40,2,16,1380
L40,2,17,1381
L40,2,18,1382
L40,2,19,1293
L40,2,20,1294
L40,2,21,1295
L40,2,22,1296
L40,2,23,1297
L40,2,24,1298
L40,2,25,1299
L40,2,26,1383
L40,2,27,581
L40,2,28,582
L40,2,29,583
L40,2,30,584
L40,2,31,585
L40,2,32,1384
L40,2,33,1385
L40,2,34,1386
L40,2,35,1387
L40,2,36,1388
L40,2,37,1389
L40,2,38,1390
L40,2,39,1391
L40,2,40,1392
L40,2,41,1393
L40,2,42,1136
L40,2,43,1137
L40,2,44,1138
L40,2,45,1139
L41,1,0,1394
L41,1,1,1395
L41,1,2,1396
L41,1,3,1397
L41,1,4,1398
L41,1,5,1399
L41,1,6,1400
L41,1,7,1401
L41,1,8,1402
L41,1,9,1403
L41,1,10,1404
L41,1,11,1405
L41,1,12,1406
L41,1,13,1407
L41,1,14,1408
L41,1,15,1409
L41,1,16,1410
L41,1,17,1411
L41,1,18,1412
L41,1,19,1413
L41,1,20,1414
L41,1,21,1415
L41,1,22,1416
L41,1,23,1417
L41,1,24,1418
L41,1,25,1419
L41,1,26,1420
L41,1,27,1421
L41,1,28,1422
L41,1,29,1423
L41,1,30,1424
L41,1,31,1425
L41,1,32,1426
L41,1,33,1427
L41,1,34,1428
L41,1,35,1429
L41,1,36,1430
L41,1,37,1118
L41,1,38,1119
L41,1,39,1120
L41,1,40,1121
L41,1,41,1346
L41,2,0,1393
L41,2,1,1136
L41,2,2,1137
L41,2,3,1138
L41,2,4,1139
L41,2,5,1431
L41,2,6,1432
L41,2,7,1433
L41,2,8,1434
L41,2,9,1435
L41,2,10,1436
L41,2,11,1437
L41,2,12,1438
L41,2,13,1439
L41,2,14,1440
L41,2,15,1441
L41,2,16,1442
L41,2,17,1443
L41,2,18,1444
L41,2,19,1445
L41,2,20,1446
L41,2,21,1447
L41,2,22,1448
L41,2,23,1449
L41,2,24,1450
L41,2,25,1451
L41,2,26,1452
L41,2,27,1453
L41,2,28,1454
L41,2,29,1455
L41,2,30,1456
L41,2,31,1457
L41,2,32,1458
L41,2,33,1459
L41,2,34,1460
L41,2,35,1461
L41,2,36,1462
L41,2,37,1463
L41,2,38,1464
L41,2,39,1465
L41,2,40,1466
L41,2,41,1467
L43,1,0,18
L43,1,1,34
L43,1,2,35
L43,1,3,36
L43,1,4,37
L43,1,5,38
L43,1,6,39
L43,1,7,40
L43,1,8,406
L43,1,9,407
L43,1,10,408
L43,1,11,409
L43,1,12,410
L43,1,13,411
L43,1,14,412
L43,1,15,413
L43,1,16,414
L43,1,17,415
L43,1,18,416
L43,1,19,417
L43,1,20,418
L43,1,21,419
L43,1,22,420
L43,1,23,421
L43,1,24,422
L43,1,25,423
L43,1,26,424
L43,1,27,425
L43,1,28,426
L43,1,29,427
L43,1,30,428
L43,1,31,429
L43,1,32,430
L43,1,33,431
L43,1,34,432
L43,1,35,1468
L43,1,36,1469
L43,1,37,1470
L43,1,38,1471
L43,1,39,1472
L43,1,40,1473
L43,1,41,1474
L43,1,42,1475
L43,1,43,1476
L43,1,44,1477
L43,1,45,1478
L43,1,46,1479
L43,1,47,1480
L43,1,48,1481
L43,1,49,1482
L43,1,50,1483
L43,1,51,1484
L43,1,52,1485
L43,1,53,1486
L43,1,54,1487
L43,2,0,1488
L43,2,1,1489
L43,2,2,1490
L43,2,3,1491
L43,2,4,1492
L43,2,5,1493
L43,2,6,1494
L43,2,7,1495
L43,2,8,1496
L43,2,9,1497
L43,2,10,1498
L43,2,11,1499
L43,2,12,1500
L43,2,13,1501
L43,2,14,1502
L43,2,15,1503
L43,2,16,1504
L43,2,17,1505
L43,2,18,1506
L43,2,19,1507
L43,2,20,440
L43,2,21,441
L43,2,22,442
L43,2,23,443
L43,2,24,444
L43,2,25,445
L43,2,26,446
L43,2,27,447
L43,2,28,448
L43,2,29,449
L43,2,30,450
L43,2,31,451
L43,2,32,452
L43,2,33,453
L43,2,34,454
L43,2,35,455
L43,2,36,456
L43,2,37,457
L43,2,38,458
L43,2,39,459
L43,2,40,460
L43,2,41,461
L43,2,42,462
L43,2,43,463
L43,2,44,464
L43,2,45,59
L43,2,46,60
L43,2,47,61
L43,2,48,62
L43,2,49,63
L43,2,50,64
L43,2,51,65
L43,2,52,18
L44,1,0,1508
L44,1,1,19
L44,1,2,20
L44,1,3,21
L44,1,4,22
L44,1,5,23
L44,1,6,216
L44,1,7,218
L44,1,8,1509
L44,1,9,1510
L44,1,10,1511
L44,1,11,1512
L44,1,12,1513
L44,1,13,1514
L44,1,14,1515
L44,1,15,1516
L44,1,16,1517
L44,1,17,1518
L44,1,18,1519
L44,1,19,1520
L44,1,20,1521
L44,1,21,1522
L44,1,22,1523
L44,1,23,1524
L44,1,24,1525
L44,1,25,1526
L44,1,26,1527
L44,1,27,1528
L44,1,28,1529
L44,1,29,1530
L44,1,30,1531
L44,1,31,1532
L44,1,32,1533
L44,1,33,1534
L44,1,34,1535
L44,1,35,1536
L44,1,36,1537
L44,1,37,1538
L44,1,38,1539
L44,1,39,1540
L44,1,40,1541
L44,2,0,1542
L44,2,1,1543
L44,2,2,1544
L44,2,3,1545
L44,2,4,1546
L44,2,5,1547
L44,2,6,1548
L44,2,7,1549
L44,2,8,1550
L44,2,9,1551
L44,2,10,1552
L44,2,11,1553
L44,2,12,1554
L44,2,13,1555
L44,2,14,1556
L44,2,15,1557
L44,2,16,1558
L44,2,17,1559
L44,2,18,1560
L44,2,19,1561
L44,2,20,1562
L44,2,21,1563
L44,2,22,1564
L44,2,23,1565
L44,2,24,1566
L44,2,25,1567
L44,2,26,1568
L44,2,27,1569
L44,2,28,1570
L44,2,29,1571
L44,2,30,1572
L44,2,31,1573
L44,2,32,1574
L44,2,33,219
L44,2,34,221
L44,2,35,12
L44,2,36,13
L44,2,37,14
L44,2,38,17
L441,1,0,1508
L441,1,1,19
L441,1,2,1575
L441,1,3,1576
L441,1,4,1577
L441,1,5,1578
L441,1,6,1579
L441,1,7,1580
L441,1,8,1581
L441,1,9,1582
L441,1,10,1583
L441,1,11,1584
L441,1,12,1585
L441,1,13,1586
L441,1,14,1587
L441,1,15,1588
L441,1,16,1589
L441,1,17,1590
L441,1,18,1520
L441,1,19,1591
L441,1,20,1592
L441,1,21,1523
L441,1,22,1593
L441,1,23,1594
L441,1,24,1595
L441,1,25,1596
L441,1,26,1597
L441,1,27,1598
L441,1,28,1599
L441,1,29,1600
L441,1,30,1601
L441,1,31,1602
L441,1,32,1603
L441,2,0,1604
L441,2,1,1605
L441,2,2,1606
L441,2,3,1607
L441,2,4,1608
L441,2,5,1609
L441,2,6,1610
L441,2,7,1611
L441,2,8,1612
L441,2,9,1613
L441,2,10,1614
L441,2,11,1615
L441,2,12,1616
L441,2,13,1617
L441,2,14,1563
L441,2,15,1618
L441,2,16,1619
L441,2,17,1620
L441,2,18,1621
L441,2,19,1570
L441,2,20,1622
L441,2,21,1623
L441,2,22,1572
L441,2,23,1624
L441,2,24,1574
L441,2,25,1625
L441,2,26,1626
L441,2,27,1627
L441,2,28,1628
L441,2,29,1629
L441,2,30,1630
L441,2,31,17
L45,1,0,506
L45,1,1,507
L45,1,2,508
L45,1,3,509
L45,1,4,510
L45,1,5,511
L45,1,6,512
L45,1,7,513
L45,1,8,514
L45,1,9,515
L45,1,10,516
L45,1,11,517
L45,1,12,518
L45,1,13,519
L45,1,14,1631
L45,1,15,1632
L45,1,16,1633
L45,1,17,1634
L45,1,18,1635
L45,1,19,1636
L45,1,20,1637
L45,1,21,1451
L45,1,22,1452
L45,1,23,1453
L45,1,24,1454
L45,1,25,1455
L45,1,26,1456
L45,1,27,1457
L45,1,28,1458
L45,1,29,1459
L45,1,30,1460
L45,1,31,1461
L45,1,32,1462
L45,1,33,1463
L45,1,34,1464
L45,1,35,1465
L45,1,36,1466
L45,1,37,1467
L45,2,0,1638
L45,2,1,1395
L45,2,2,1396
L45,2,3,1397
L45,2,4,1398
L45,2,5,1399
L45,2,6,1400
L45,2,7,1401
L45,2,8,1402
L45,2,9,1403
L45,2,10,1404
L45,2,11,1405
L45,2,12,1406
L45,2,13,1407
L45,2,14,1408
L45,2,15,1409
L45,2,16,1410
L45,2,17,1639
L45,2,18,1640
L45,2,19,1641
L45,2,20,1642
L45,2,21,1643
L45,2,22,1644
L45,2,23,1645
L45,2,24,530
L45,2,25,531
L45,2,26,532
L45,2,27,533
L45,2,28,534
L45,2,29,535
L45,2,30,536
L45,2,31,537
L45,2,32,538
L45,2,33,539
L45,2,34,540
L45,2,35,541
L45,2,36,542
L45,2,37,506
L5,1,0,1
L5,1,1,2
L5,1,2,3
L5,1,3,33
L5,1,4,18
L5,1,5,34
L5,1,6,35
L5,1,7,36
L5,1,8,37
L5,1,9,38
L5,1,10,39
L5,1,11,40
L5,1,12,406
L5,1,13,407
L5,1,14,408
L5,1,15,409
L5,1,16,410
L5,1,17,411
L5,1,18,740
L5,1,19,183
L5,1,20,184
L5,1,21,185
L5,1,22,186
L5,1,23,187
L5,1,24,741
L5,1,25,742
L5,1,26,743
L5,1,27,744
L5,2,0,764
L5,2,1,765
L5,2,2,766
L5,2,3,767
L5,2,4,768
L5,2,5,769
L5,2,6,156
L5,2,7,157
L5,2,8,158
L5,2,9,770
L5,2,10,459
L5,2,11,460
L5,2,12,461
L5,2,13,462
L5,2,14,463
L5,2,15,464
L5,2,16,59
L5,2,17,60
L5,2,18,61
L5,2,19,62
L5,2,20,63
L5,2,21,64
L5,2,22,65
L5,2,23,66
L5,2,24,31
L5,2,25,32
L5,2,26,1
L6,1,0,363
L6,1,1,364
L6,1,2,365
L6,1,3,366
L6,1,4,367
L6,1,5,368
L6,1,6,369
L6,1,7,370
L6,1,8,371
L6,1,9,372
L6,1,10,373
L6,1,11,374
L6,1,12,375
L6,1,13,376
L6,1,14,2
L6,1,15,3
L6,1,16,33
L6,1,17,18
L6,1,18,5
L6,1,19,6
L6,1,20,7
L6,1,21,949
L6,1,22,950
L6,1,23,951
L6,1,24,952
L6,1,25,1646
L6,1,26,1647
L6,1,27,1648
L6,1,28,1649
L6,1,29,1650
L6,1,30,1651
L6,1,31,188
L6,1,32,48
L6,1,33,49
L6,2,0,50
L6,2,1,51
L6,2,2,52
L6,2,3,1652
L6,2,4,1653
L6,2,5,1654
L6,2,6,1655
L6,2,7,1656
L6,2,8,1657
L6,2,9,984
L6,2,10,985
L6,2,11,986
L6,2,12,987
L6,2,13,988
L6,2,14,28
L6,2,15,29
L6,2,16,66
L6,2,17,31
L6,2,18,32
L6,2,19,381
L6,2,20,382
L6,2,21,383
L6,2,22,384
L6,2,23,385
L6,2,24,386
L6,2,25,387
L6,2,26,388
L6,2,27,389
L6,2,28,390
L6,2,29,391
L6,2,30,363
L66,1,0,1
L66,1,1,2
L66,1,2,3
L66,1,3,33
L66,1,4,18
L66,1,5,34
L66,1,6,35
L66,1,7,36
L66,1,8,37
L66,1,9,38
L66,1,10,39
L66,1,11,40
L66,1,12,1658
L66,1,13,1659
L66,1,14,191
L66,1,15,192
L66,1,16,193
L66,1,17,194
L66,1,18,1660
L66,1,19,1661
L66,1,20,1662
L66,1,21,1663
L66,1,22,1664
L66,1,23,1665
L66,2,0,1666
L66,2,1,1667
L66,2,2,1668
L66,2,3,1669
L66,2,4,1670
L66,2,5,209
L66,2,6,210
L66,2,7,211
L66,2,8,212
L66,2,9,1671
L66,2,10,1672
L66,2,11,59
L66,2,12,60
L66,2,13,61
L66,2,14,62
L66,2,15,63
L66,2,16,64
L66,2,17,65
L66,2,18,66
L66,2,19,31
L66,2,20,32
L66,2,21,1
L7,1,0,1673
L7,1,1,369
L7,1,2,1674
L7,1,3,1675
L7,1,4,390
L7,1,5,391
L7,1,6,1676
L7,1,7,862
L7,1,8,1677
L7,1,9,1678
L7,1,10,1679
L7,1,11,1680
L7,1,12,1681
L7,1,13,1682
L7,1,14,1342
L7,1,15,1343
L7,1,16,1344
L7,1,17,1345
L7,1,18,314
L7,1,19,315
L7,1,20,316
L7,1,21,163
L7,1,22,164
L7,1,23,165
L7,1,24,166
L7,1,25,167
L7,1,26,168
L7,1,27,144
L7,1,28,144
L7,1,29,145
L7,1,30,146
L7,1,31,169
L7,1,32,170
L7,1,33,171
L7,1,34,1683
L7,1,35,1684
L7,1,36,1685
L7,2,0,1686
L7,2,1,1687
L7,2,2,1688
L7,2,3,1689
L7,2,4,172
L7,2,5,173
L7,2,6,109
L7,2,7,110
L7,2,8,111
L7,2,9,174
L7,2,10,175
L7,2,11,176
L7,2,12,177
L7,2,13,317
L7,2,14,318
L7,2,15,319
L7,2,16,1328
L7,2,17,1329
L7,2,18,1330
L7,2,19,1331
L7,2,20,1690
L7,2,21,1691
L7,2,22,1692
L7,2,23,1693
L7,2,24,1694
L7,2,25,1695
L7,2,26,364
L7,2,27,365
L7,2,28,366
L7,2,29,1696
L7,2,30,1697
L7,2,31,1698
L7,2,32,388
L7,2,33,1673
L9,1,0,50
L9,1,1,51
L9,1,2,52
L9,1,3,1652
L9,1,4,1653
L9,1,5,1654
L9,1,6,1655
L9,1,7,1656
L9,1,8,399
L9,1,9,58
L9,1,10,59
L9,1,11,60
L9,1,12,61
L9,1,13,62
L9,1,14,63
L9,1,15,64
L9,1,16,65
L9,1,17,18
L9,1,18,311
L9,1,19,312
L9,1,20,313
L9,1,21,1328
L9,1,22,1329
L9,1,23,1330
L9,1,24,1331
L9,1,25,1690
L9,1,26,1691
L9,1,27,1692
L9,1,28,1693
L9,1,29,1694
L9,1,30,1695
L9,1,31,364
L9,1,32,365
L9,1,33,366
L9,1,34,367
L9,1,35,368
L9,1,36,1699
L9,1,37,1700
L9,1,38,1701
L9,2,0,1701
L9,2,1,1702
L9,2,2,1703
L9,2,3,388
L9,2,4,389
L9,2,5,390
L9,2,6,391
L9,2,7,1676
L9,2,8,862
L9,2,9,1677
L9,2,10,1678
L9,2,11,1679
L9,2,12,1680
L9,2,13,1681
L9,2,14,1682
L9,2,15,1342
L9,2,16,1343
L9,2,17,1344
L9,2,18,1345
L9,2,19,320
L9,2,20,321
L9,2,21,322
L9,2,22,180
L9,2,23,34
L9,2,24,35
L9,2,25,36
L9,2,26,37
L9,2,27,38
L9,2,28,39
L9,2,29,40
L9,2,30,41
L9,2,31,398
L9,2,32,1647
L9,2,33,1648
L9,2,34,1649
L9,2,35,1650
L9,2,36,1651
L9,2,37,188
L9,2,38,48
L9,2,39,49
251,1,0,506
251,1,1,381
251,1,2,382
251,1,3,383
251,1,4,543
251,1,5,544
251,1,6,545
251,1,7,546
251,1,8,547
251,1,9,548
251,1,10,549
251,1,11,550
251,1,12,551
251,1,13,552
251,1,14,553
251,1,15,554
251,1,16,555
251,1,17,556
251,1,18,557
251,1,19,558
251,1,20,559
251,1,21,560
251,1,22,561
251,1,23,562
251,1,24,563
251,1,25,564
251,1,26,565
251,1,27,566
251,1,28,567
251,1,29,568
251,1,30,569
251,1,31,1704
251,1,32,1705
251,1,33,1706
251,1,34,1707
251,2,0,1708
251,2,1,1709
251,2,2,1710
251,2,3,1711
251,2,4,592
251,2,5,593
251,2,6,594
251,2,7,595
251,2,8,596
251,2,9,597
251,2,10,598
251,2,11,599
251,2,12,600
251,2,13,601
251,2,14,602
251,2,15,603
251,2,16,604
251,2,17,605
251,2,18,606
251,2,19,607
251,2,20,608
251,2,21,609
251,2,22,610
251,2,23,611
251,2,24,612
251,2,25,613
251,2,26,614
251,2,27,615
251,2,28,616
251,2,29,617
251,2,30,618
251,2,31,373
251,2,32,374
251,2,33,375
251,2,34,506
