cycle,bl,outs,rets,outs_board,rets_board,traff,sign,psg
0,L1,6,1,0,0,0.0,0.0,0.0
0,L10,4,1,0,0,0.0,0.0,0.0
0,L11,7,1,0,0,0.0,0.0,0.0
0,L12,1,1,0,0,0.0,0.0,0.0
0,L13,4,1,0,0,0.0,0.0,0.0
0,L14,3,1,0,0,0.0,0.0,0.0
0,L15,2,1,0,0,0.0,0.0,0.0
0,L16,4,1,0,0,0.0,0.0,0.0
0,L17,2,1,0,0,0.0,0.0,0.0
0,L18,7,1,0,0,0.0,0.0,0.0
0,L19,1,1,0,0,0.0,0.0,0.0
0,L2,1,1,0,0,0.0,0.0,0.0
0,L20,5,1,0,0,0.0,0.0,0.0
0,L21,1,1,0,0,0.0,0.0,0.0
0,L22,1,1,0,0,0.0,0.0,0.0
0,L23,1,1,0,0,0.0,0.0,0.0
0,L24,1,1,0,0,0.0,0.0,0.0
0,L25,1,1,0,0,0.0,0.0,0.0
0,L26,1,1,0,0,0.0,0.0,0.0
0,L261,1,1,0,0,0.0,0.0,0.0
0,L262,1,1,0,0,0.0,0.0,0.0
0,L27,1,1,0,0,0.0,0.0,0.0
0,L28,1,1,0,0,0.0,0.0,0.0
0,L29,1,1,0,0,0.0,0.0,0.0
0,L3,2,1,0,0,0.0,0.0,0.0
0,L30,1,1,0,0,0.0,0.0,0.0
0,L33,1,1,0,0,0.0,0.0,0.0
0,L332,1,1,0,0,0.0,0.0,0.0
0,L35,1,1,0,0,0.0,0.0,0.0
0,L36,1,1,0,0,0.0,0.0,0.0
0,L38,1,1,0,0,0.0,0.0,0.0
0,L39,1,1,0,0,0.0,0.0,0.0
0,L4,3,1,0,0,0.0,0.0,0.0
0,L40,1,1,0,0,0.0,0.0,0.0
0,L41,1,1,0,0,0.0,0.0,0.0
0,L43,1,1,0,0,0.0,0.0,0.0
0,L44,1,1,0,0,0.0,0.0,0.0
0,L441,1,1,0,0,0.0,0.0,0.0
0,L45,1,1,0,0,0.0,0.0,0.0
0,L5,1,1,0,0,0.0,0.0,0.0
0,L6,5,1,0,0,0.0,0.0,0.0
0,L66,5,1,0,0,0.0,0.0,0.0
0,L7,3,1,0,0,0.0,0.0,0.0
0,L9,5,1,0,0,0.0,0.0,0.0
0,251,1,1,0,0,0.0,0.0,0.0
0,BRT1,0,0,0,0,0.0,0.0,0.0
60,L1,6,1,0,0,176.66666666666669,30.0,0.0
60,L10,4,1,0,1,125.00000000000004,0.0,10.0
60,L11,7,1,0,0,158.33333333333331,0.0,15.0
60,L12,1,1,1,0,55.0,0.0,10.0
60,L13,4,1,1,0,110.0,0.0,10.0
60,L14,3,1,0,0,148.33333333333337,0.0,0.0
60,L15,2,1,0,1,191.66666666666669,60.0,10.0
60,L16,4,1,0,0,113.33333333333337,0.0,0.0
60,L17,2,1,1,0,113.33333333333337,0.0,10.0
60,L18,7,1,0,0,65.0,0.0,0.0
60,L19,1,1,0,0,201.6666666666667,0.0,0.0
60,L2,1,1,0,0,143.33333333333337,0.0,0.0
60,L20,5,1,0,1,165.0,0.0,10.0
60,L21,1,1,0,0,104.99999999999999,0.0,0.0
60,L22,1,1,0,0,103.33333333333334,30.0,0.0
60,L23,1,1,0,0,130.0,90.0,0.0
60,L24,1,1,0,0,40.0,0.0,0.0
60,L25,1,1,0,0,85.0,0.0,0.0
60,L26,1,1,1,0,121.66666666666669,30.0,10.0
60,L261,1,1,0,0,121.66666666666669,30.0,0.0
60,L262,1,1,0,0,121.66666666666669,30.0,0.0
60,L27,1,1,0,0,103.33333333333334,30.0,0.0
60,L28,1,1,0,0,106.66666666666667,60.0,0.0
60,L29,1,1,0,0,56.666666666666664,0.0,0.0
60,L3,2,1,0,0,125.00000000000004,0.0,0.0
60,L30,1,1,0,0,65.0,30.0,0.0
60,L33,1,1,0,0,78.33333333333334,0.0,0.0
60,L332,1,1,0,0,0.0,0.0,0.0
60,L35,1,1,0,0,40.0,0.0,0.0
60,L36,1,1,0,0,113.33333333333333,0.0,0.0
60,L38,1,1,0,0,41.66666666666666,60.0,0.0
60,L39,1,1,0,0,56.666666666666664,0.0,0.0
60,L4,3,1,0,0,145.00000000000003,0.0,0.0
60,L40,1,1,0,0,0.0,0.0,0.0
60,L41,1,1,0,0,0.0,0.0,0.0
60,L43,1,1,0,0,59.99999999999999,0.0,0.0
60,L44,1,1,0,0,36.66666666666666,30.0,0.0
60,L441,1,1,0,0,44.99999999999999,0.0,0.0
60,L45,1,1,0,0,40.0,0.0,0.0
60,L5,1,1,0,0,141.66666666666669,0.0,0.0
60,L6,5,1,0,0,135.0,0.0,0.0
60,L66,5,1,1,0,126.66666666666671,0.0,10.0
60,L7,3,1,0,0,5.0,0.0,0.0
60,L9,5,1,2,0,53.33333333333333,0.0,20.0
60,251,1,1,0,0,85.0,0.0,0.0
60,BRT1,0,0,0,0,0.0,0.0,0.0
120,L1,6,1,0,0,440.00000000000006,90.0,0.0
120,L10,4,1,0,1,216.6666666666667,0.0,10.0
120,L11,7,1,0,0,378.3333333333333,0.0,15.0
120,L12,1,1,1,0,115.0,0.0,10.0
120,L13,4,1,1,0,155.0,30.0,10.0
120,L14,3,1,0,0,318.33333333333337,0.0,0.0
120,L15,2,1,0,1,448.33333333333314,120.0,10.0
120,L16,4,1,1,0,273.33333333333337,60.0,10.0
120,L17,2,1,1,0,248.33333333333331,60.0,25.0
120,L18,7,1,3,0,166.66666666666669,0.0,30.0
120,L19,1,1,0,0,471.6666666666667,60.0,0.0
120,L2,1,1,0,1,545.0,0.0,10.0
120,L20,5,1,1,1,226.66666666666669,0.0,20.0
120,L21,1,1,0,0,180.0,0.0,0.0
120,L22,1,1,0,0,201.66666666666663,30.0,0.0
120,L23,1,1,0,0,186.66666666666666,150.0,0.0
120,L24,1,1,0,0,40.0,0.0,0.0
120,L25,1,1,0,0,125.0,0.0,0.0
120,L26,1,1,0,0,208.33333333333326,30.0,15.0
120,L261,1,1,0,0,208.33333333333326,60.0,0.0
120,L262,1,1,0,0,208.33333333333326,90.0,0.0
120,L27,1,1,0,0,211.66666666666663,30.0,0.0
120,L28,1,1,0,0,198.33333333333326,90.0,0.0
120,L29,1,1,0,0,56.666666666666664,0.0,0.0
120,L3,2,1,0,0,316.66666666666674,60.0,0.0
120,L30,1,1,0,0,233.3333333333333,30.0,0.0
120,L33,1,1,0,0,88.33333333333334,0.0,0.0
120,L332,1,1,0,0,0.0,0.0,0.0
120,L35,1,1,0,0,40.0,0.0,0.0
120,L36,1,1,0,0,163.33333333333331,60.0,0.0
120,L38,1,1,0,0,83.33333333333333,90.0,0.0
120,L39,1,1,0,0,71.66666666666666,0.0,0.0
120,L4,3,1,0,1,303.3333333333333,0.0,10.0
120,L40,1,1,0,0,0.0,0.0,0.0
120,L41,1,1,0,0,0.0,0.0,0.0
120,L43,1,1,0,0,158.33333333333337,0.0,0.0
120,L44,1,1,0,0,85.0,30.0,0.0
120,L441,1,1,0,0,93.33333333333334,60.0,0.0
120,L45,1,1,0,0,40.0,0.0,0.0
120,L5,1,1,0,1,293.33333333333337,0.0,10.0
120,L6,5,1,0,0,315.0,0.0,0.0
120,L66,5,1,1,0,306.6666666666667,30.0,10.0
120,L7,3,1,2,0,260.0,0.0,20.0
120,L9,5,1,2,0,288.33333333333337,0.0,20.0
120,251,1,1,0,0,125.0,0.0,0.0
120,BRT1,0,0,0,0,0.0,0.0,0.0
180,L1,6,1,0,1,820.0000000000002,180.0,10.0
180,L10,4,1,0,1,496.6666666666667,0.0,10.0
180,L11,7,1,0,0,608.3333333333333,0.0,15.0
180,L12,1,1,1,0,231.66666666666669,0.0,10.0
180,L13,4,1,1,0,214.99999999999994,60.0,10.0
180,L14,3,1,0,0,566.6666666666666,30.0,0.0
180,L15,2,1,0,1,776.6666666666669,150.0,10.0
180,L16,4,1,2,6,518.3333333333333,120.0,80.0
180,L17,2,1,1,1,448.33333333333326,60.0,35.0
180,L18,7,1,6,1,300.0,30.0,70.0
180,L19,1,1,0,0,648.3333333333335,90.0,0.0
180,L2,1,1,0,1,1026.666666666667,0.0,10.0
180,L20,5,1,1,1,473.33333333333337,0.0,20.0
180,L21,1,1,0,0,215.0,0.0,0.0
180,L22,1,1,0,0,277.49999999999994,30.0,0.0
180,L23,1,1,0,0,196.66666666666666,150.0,0.0
180,L24,1,1,0,0,75.0,0.0,0.0
180,L25,1,1,0,0,184.99999999999997,0.0,0.0
180,L26,1,1,0,0,248.33333333333326,60.0,15.0
180,L261,1,1,0,0,223.33333333333326,120.0,0.0
180,L262,1,1,0,0,233.33333333333326,150.0,0.0
180,L27,1,1,0,0,327.49999999999994,30.0,0.0
180,L28,1,1,0,0,223.33333333333326,120.0,0.0
180,L29,1,1,0,0,56.666666666666664,0.0,0.0
180,L3,2,1,0,0,421.66666666666674,90.0,0.0
180,L30,1,1,0,0,335.0,60.0,0.0
180,L33,1,1,0,0,160.0,0.0,0.0
180,L332,1,1,0,0,0.0,0.0,0.0
180,L35,1,1,0,0,70.0,0.0,0.0
180,L36,1,1,0,0,193.33333333333331,60.0,0.0
180,L38,1,1,0,0,103.33333333333333,90.0,0.0
180,L39,1,1,0,0,101.66666666666666,0.0,0.0
180,L4,3,1,0,0,503.33333333333337,60.0,15.0
180,L40,1,1,0,0,0.0,0.0,0.0
180,L41,1,1,0,0,0.0,0.0,0.0
180,L43,1,1,0,0,247.49999999999994,0.0,0.0
180,L44,1,1,0,0,121.66666666666667,90.0,0.0
180,L441,1,1,0,0,130.0,60.0,0.0
180,L45,1,1,0,0,75.0,0.0,0.0
180,L5,1,1,0,0,416.6666666666666,0.0,15.0
180,L6,5,1,3,1,578.3333333333333,0.0,40.0
180,L66,5,1,1,0,595.0000000000001,30.0,10.0
180,L7,3,1,3,0,303.3333333333333,0.0,30.0
180,L9,5,1,4,0,453.33333333333314,0.0,40.0
180,251,1,1,0,0,184.99999999999997,0.0,0.0
180,BRT1,0,0,0,0,0.0,0.0,0.0
240,L1,6,1,1,0,1301.666666666667,300.0,25.0
240,L10,4,1,0,1,886.6666666666669,30.0,10.0
240,L11,7,1,1,0,1077.5,0.0,25.0
240,L12,1,1,1,0,396.66666666666663,120.0,10.0
240,L13,4,1,0,0,481.66666666666674,60.0,15.0
240,L14,3,1,0,0,1030.0000000000005,30.0,0.0
240,L15,2,1,0,1,1073.333333333333,240.0,10.0
240,L16,4,1,2,7,731.6666666666666,270.0,90.0
240,L17,2,1,1,1,596.6666666666665,90.0,35.0
240,L18,7,1,6,0,577.5,30.0,75.0
240,L19,1,1,0,0,875.0000000000002,180.0,0.0
240,L2,1,1,1,0,1246.6666666666667,0.0,25.0
240,L20,5,1,1,1,661.6666666666666,30.0,20.0
240,L21,1,1,0,0,275.0,0.0,0.0
240,L22,1,1,0,0,317.50000000000006,60.0,0.0
240,L23,1,1,0,0,276.66666666666663,150.0,0.0
240,L24,1,1,0,0,85.0,0.0,0.0
240,L25,1,1,0,0,239.99999999999991,0.0,0.0
240,L26,1,1,0,0,258.33333333333326,60.0,15.0
240,L261,1,1,0,0,243.33333333333326,120.0,0.0
240,L262,1,1,0,0,273.33333333333326,150.0,0.0
240,L27,1,1,0,1,502.50000000000017,60.0,10.0
240,L28,1,1,0,0,233.33333333333326,120.0,0.0
240,L29,1,1,0,0,71.66666666666666,0.0,0.0
240,L3,2,1,1,0,556.6666666666667,90.0,10.0
240,L30,1,1,0,0,380.0,90.0,0.0
240,L33,1,1,0,0,201.66666666666666,0.0,0.0
240,L332,1,1,0,0,0.0,0.0,0.0
240,L35,1,1,0,0,95.0,0.0,0.0
240,L36,1,1,0,0,218.33333333333331,60.0,0.0
240,L38,1,1,0,0,133.33333333333331,90.0,0.0
240,L39,1,1,0,0,111.66666666666666,0.0,0.0
240,L4,2,2,0,0,766.6666666666665,60.0,15.0
240,L40,1,1,0,0,0.0,0.0,0.0
240,L41,1,1,0,0,0.0,0.0,0.0
240,L43,1,1,0,0,274.16666666666663,30.0,0.0
240,L44,1,1,0,0,183.33333333333331,90.0,0.0
240,L441,1,1,0,0,237.49999999999994,60.0,0.0
240,L45,1,1,0,0,85.0,0.0,0.0
240,L5,1,1,0,0,622.5,0.0,15.0
240,L6,5,1,4,1,798.333333333333,0.0,50.0
240,L66,5,1,1,0,980.0000000000005,30.0,10.0
240,L7,3,1,3,0,461.6666666666666,0.0,30.0
240,L9,5,1,5,7,715.0,0.0,120.0
240,251,1,1,0,0,239.99999999999991,0.0,0.0
240,BRT1,0,0,0,0,0.0,0.0,0.0
300,L1,6,1,1,0,2046.6666666666677,420.0,25.0
300,L10,4,1,1,1,1296.6666666666672,60.0,35.0
300,L11,7,1,3,0,1616.666666666667,30.0,45.0
300,L12,1,1,1,0,680.0,120.0,10.0
300,L13,4,1,0,0,681.6666666666667,60.0,15.0
300,L14,3,1,0,0,1413.333333333334,30.0,0.0
300,L15,2,1,0,1,1376.6666666666656,360.0,10.0
300,L16,4,1,1,2,1021.6666666666665,360.0,135.0
300,L17,2,1,1,1,884.9999999999998,150.0,50.0
300,L18,7,1,7,0,930.0000000000002,60.0,85.0
300,L19,2,0,0,0,1036.6666666666665,210.0,0.0
300,L2,2,0,0,0,1321.6666666666667,0.0,30.0
300,L20,5,1,1,2,850.0000000000001,30.0,45.0
300,L21,1,1,0,0,341.66666666666663,0.0,0.0
300,L22,1,1,0,0,332.50000000000006,60.0,0.0
300,L23,1,1,0,0,336.66666666666663,150.0,0.0
300,L24,1,1,0,0,215.0,0.0,0.0
300,L25,1,1,0,0,239.99999999999991,0.0,0.0
300,L26,1,1,0,0,313.33333333333326,60.0,15.0
300,L261,1,1,0,0,263.33333333333326,120.0,0.0
300,L262,1,1,0,1,323.33333333333326,150.0,10.0
300,L27,1,1,0,0,617.5000000000002,60.0,15.0
300,L28,1,1,0,0,248.33333333333326,120.0,0.0
300,L29,1,1,0,0,71.66666666666666,0.0,0.0
300,L3,2,1,1,0,688.3333333333335,180.0,10.0
300,L30,1,1,1,0,471.66666666666663,120.0,10.0
300,L33,1,1,0,0,206.66666666666666,0.0,0.0
300,L332,1,1,0,0,0.0,0.0,0.0
300,L35,1,1,0,0,125.0,0.0,0.0
300,L36,1,1,0,0,331.66666666666663,90.0,0.0
300,L38,1,1,0,0,133.33333333333331,90.0,0.0
300,L39,1,1,0,0,131.66666666666666,0.0,0.0
300,L4,3,1,0,4,1053.3333333333335,60.0,55.0
300,L40,1,1,0,0,0.0,0.0,0.0
300,L41,1,1,0,0,0.0,0.0,0.0
300,L43,1,1,0,0,289.16666666666663,30.0,0.0
300,L44,1,1,0,0,183.33333333333331,90.0,0.0
300,L441,1,1,0,0,295.83333333333326,90.0,0.0
300,L45,1,1,0,0,140.0,0.0,0.0
300,L5,1,1,0,0,834.1666666666672,30.0,15.0
300,L6,5,1,7,1,1168.3333333333333,60.0,80.0
300,L66,5,1,1,0,1572.500000000001,60.0,10.0
300,L7,3,1,3,1,788.3333333333333,0.0,40.0
300,L9,5,1,6,8,1086.6666666666665,30.0,140.0
300,251,1,1,0,0,239.99999999999991,0.0,0.0
300,BRT1,0,0,0,0,0.0,0.0,0.0
360,L1,7,0,2,0,2818.333333333334,630.0,35.0
360,L10,4,1,1,1,1736.6666666666674,60.0,50.0
360,L11,8,0,4,0,2325.833333333334,120.0,55.0
360,L12,1,1,1,0,945.0000000000006,150.0,10.0
360,L13,4,1,1,0,1080.000000000001,90.0,25.0
360,L14,4,0,0,0,1628.333333333334,60.0,0.0
360,L15,1,2,0,1,1591.6666666666656,420.0,10.0
360,L16,4,1,0,1,1363.333333333333,510.0,145.0
360,L17,2,1,0,1,989.9999999999999,210.0,55.0
360,L18,7,1,4,0,1263.333333333334,90.0,100.0
360,L19,2,0,0,0,1149.9999999999998,300.0,0.0
360,L2,1,1,0,1,1461.6666666666665,0.0,40.0
360,L20,5,1,1,2,1075.0,60.0,60.0
360,L21,1,1,1,2,481.6666666666666,0.0,30.0
360,L22,1,1,0,0,397.50000000000006,60.0,0.0
360,L23,1,1,0,0,401.66666666666663,150.0,0.0
360,L24,1,1,0,0,260.0,0.0,0.0
360,L25,1,1,0,0,239.99999999999991,0.0,0.0
360,L26,1,1,0,0,328.33333333333326,60.0,15.0
360,L261,1,1,0,0,263.33333333333326,120.0,0.0
360,L262,1,1,0,1,348.33333333333326,150.0,10.0
360,L27,1,1,0,0,775.8333333333335,60.0,15.0
360,L28,1,1,0,0,248.33333333333326,120.0,0.0
360,L29,1,1,0,0,86.66666666666666,0.0,0.0
360,L3,2,1,1,0,793.3333333333335,240.0,10.0
360,L30,1,1,0,0,613.3333333333335,120.0,15.0
360,L33,1,1,0,0,249.99999999999994,0.0,0.0
360,L332,1,1,0,0,0.0,0.0,0.0
360,L35,1,1,0,0,184.99999999999991,0.0,0.0
360,L36,1,1,0,0,758.3333333333335,90.0,0.0
360,L38,1,1,0,0,133.33333333333331,90.0,0.0
360,L39,1,1,0,0,131.66666666666666,0.0,0.0
360,L4,2,2,0,6,1306.6666666666667,60.0,75.0
360,L40,1,1,0,0,0.0,0.0,0.0
360,L41,1,1,0,0,0.0,0.0,0.0
360,L43,1,1,0,0,289.16666666666663,30.0,0.0
360,L44,1,1,0,0,183.33333333333331,90.0,0.0
360,L441,1,1,0,0,362.49999999999994,120.0,0.0
360,L45,1,1,0,0,140.0,0.0,0.0
360,L5,1,1,2,1,979.1666666666672,30.0,45.0
360,L6,5,1,5,0,1621.6666666666665,90.0,95.0
360,L66,5,1,1,0,2008.3333333333344,90.0,10.0
360,L7,3,1,6,1,953.3333333333333,30.0,70.0
360,L9,5,1,10,8,1308.333333333333,60.0,180.0
360,251,1,1,0,0,239.99999999999991,0.0,0.0
360,BRT1,0,0,0,0,0.0,0.0,0.0
420,L1,6,1,4,0,3555.0,750.0,55.0
420,L10,4,1,1,0,1963.3333333333344,90.0,55.0
420,L11,7,1,8,0,3021.6666666666674,150.0,110.0
420,L12,1,1,1,0,1210.0,150.0,10.0
420,L13,4,1,2,0,1535.0,90.0,35.0
420,L14,3,1,0,1,1916.666666666667,60.0,25.0
420,L15,2,1,0,0,1891.6666666666654,510.0,15.0
420,L16,4,1,2,0,1564.9999999999998,600.0,170.0
420,L17,2,1,0,0,1105.0,210.0,60.0
420,L18,7,1,3,0,1695.000000000001,120.0,120.0
420,L19,1,1,0,0,1314.9999999999998,330.0,0.0
420,L2,1,1,0,1,1796.6666666666656,0.0,40.0
420,L20,5,1,1,0,1335.0000000000005,60.0,70.0
420,L21,1,1,1,4,531.6666666666665,0.0,65.0
420,L22,1,1,0,2,442.50000000000006,60.0,20.0
420,L23,1,1,0,0,431.66666666666663,150.0,0.0
420,L24,1,1,0,0,300.0,0.0,0.0
420,L25,1,1,0,0,306.6666666666666,0.0,0.0
420,L26,1,1,0,0,466.6666666666665,60.0,15.0
420,L261,1,1,0,0,263.33333333333326,120.0,0.0
420,L262,1,1,0,2,493.33333333333314,150.0,20.0
420,L27,1,1,0,1,930.8333333333339,90.0,25.0
420,L28,1,1,0,0,248.33333333333326,120.0,0.0
420,L29,1,1,0,0,86.66666666666666,0.0,0.0
420,L3,2,1,1,1,858.3333333333335,270.0,20.0
420,L30,1,1,0,0,696.6666666666669,150.0,15.0
420,L33,1,1,0,0,291.66666666666663,0.0,0.0
420,L332,1,1,0,0,0.0,0.0,0.0
420,L35,1,1,0,0,291.6666666666666,0.0,0.0
420,L36,1,1,0,1,768.3333333333335,90.0,10.0
420,L38,1,1,0,0,133.33333333333331,90.0,0.0
420,L39,1,1,0,0,131.66666666666666,0.0,0.0
420,L4,2,2,0,5,1411.6666666666667,120.0,95.0
420,L40,1,1,0,0,0.0,0.0,0.0
420,L41,1,1,0,0,0.0,0.0,0.0
420,L43,1,1,0,0,289.16666666666663,30.0,0.0
420,L44,1,1,0,1,183.33333333333331,90.0,10.0
420,L441,1,1,0,0,517.5,150.0,0.0
420,L45,1,1,0,0,160.0,0.0,0.0
420,L5,1,1,3,2,1097.5000000000005,30.0,65.0
420,L6,5,1,7,0,2188.3333333333326,180.0,115.0
420,L66,5,1,0,6,2404.1666666666683,120.0,75.0
420,L7,3,1,5,5,1281.6666666666665,90.0,175.0
420,L9,5,1,11,5,1794.1666666666665,90.0,235.0
420,251,1,1,0,0,239.99999999999991,0.0,0.0
420,BRT1,0,0,0,0,0.0,0.0,0.0
480,L1,5,2,3,1,4263.333333333332,930.0,70.0
480,L10,4,1,2,0,2228.333333333334,90.0,65.0
480,L11,5,3,11,0,3828.3333333333335,210.0,155.0
480,L12,1,1,0,0,1435.0,270.0,15.0
480,L13,4,1,3,0,1858.3333333333326,180.0,45.0
480,L14,3,1,0,2,2125.0000000000005,120.0,35.0
480,L15,1,2,0,0,2251.6666666666642,510.0,15.0
480,L16,4,1,3,0,1713.3333333333333,660.0,180.0
480,L17,2,1,0,1,1338.3333333333333,210.0,70.0
480,L18,7,1,3,0,2146.6666666666674,120.0,120.0
480,L19,1,1,0,0,1602.499999999999,360.0,0.0
480,L2,1,1,0,2,2206.6666666666656,0.0,50.0
480,L20,5,1,3,3,1635.0000000000005,60.0,120.0
480,L21,1,1,0,5,556.6666666666665,0.0,80.0
480,L22,1,1,0,1,544.1666666666667,60.0,25.0
480,L23,1,1,0,1,431.66666666666663,180.0,10.0
480,L24,1,1,0,0,350.0,0.0,0.0
480,L25,1,1,0,1,356.6666666666666,0.0,10.0
480,L26,1,1,1,0,593.3333333333333,120.0,25.0
480,L261,1,1,0,0,263.33333333333326,120.0,0.0
480,L262,1,1,0,0,626.6666666666667,210.0,30.0
480,L27,1,1,0,0,1059.166666666667,90.0,30.0
480,L28,1,1,0,0,248.33333333333326,120.0,0.0
480,L29,1,1,0,0,86.66666666666666,0.0,0.0
480,L3,2,1,0,2,918.3333333333335,270.0,65.0
480,L30,1,1,0,0,760.0000000000002,150.0,15.0
480,L33,1,1,0,0,344.99999999999994,0.0,0.0
480,L332,1,1,0,0,0.0,0.0,0.0
480,L35,1,1,0,0,420.0,0.0,0.0
480,L36,1,1,0,1,778.3333333333335,90.0,25.0
480,L38,1,1,0,0,133.33333333333331,90.0,0.0
480,L39,1,1,0,0,131.66666666666666,0.0,0.0
480,L4,1,3,0,5,1686.6666666666672,150.0,125.0
480,L40,1,1,0,0,0.0,0.0,0.0
480,L41,1,1,0,0,0.0,0.0,0.0
480,L43,1,1,0,0,289.16666666666663,30.0,0.0
480,L44,1,1,0,1,263.3333333333333,150.0,10.0
480,L441,1,1,0,0,644.1666666666669,180.0,0.0
480,L45,1,1,0,0,210.0,0.0,0.0
480,L5,1,1,3,5,1247.5,30.0,95.0
480,L6,5,1,10,0,2806.666666666666,270.0,145.0
480,L66,4,2,1,6,2753.333333333335,120.0,85.0
480,L7,3,1,8,6,1381.6666666666665,90.0,215.0
480,L9,5,1,18,5,2199.1666666666665,150.0,320.0
480,251,1,1,0,0,286.6666666666666,0.0,0.0
480,BRT1,0,0,0,0,0.0,0.0,0.0
540,L1,4,3,2,1,4931.666666666664,1110.0,75.0
540,L10,3,2,1,1,2421.6666666666674,120.0,80.0
540,L11,4,4,9,0,4654.999999999999,270.0,165.0
540,L12,1,1,0,0,1678.3333333333328,270.0,15.0
540,L13,4,1,3,0,2279.999999999999,180.0,45.0
540,L14,2,2,0,3,2373.333333333333,120.0,75.0
540,L15,1,2,0,0,2589.9999999999973,630.0,15.0
540,L16,3,2,3,0,1861.6666666666667,690.0,180.0
540,L17,1,2,1,2,1473.333333333333,210.0,90.0
540,L18,7,1,7,0,2580.000000000001,150.0,175.0
540,L19,1,1,0,0,1742.4999999999986,360.0,0.0
540,L2,1,1,0,2,2498.333333333334,0.0,50.0
540,L20,5,1,6,6,1994.9999999999998,60.0,195.0
540,L21,1,1,1,3,576.6666666666665,0.0,100.0
540,L22,1,1,0,1,695.8333333333336,60.0,25.0
540,L23,1,1,0,2,529.9999999999999,240.0,20.0
540,L24,1,1,0,0,481.6666666666667,0.0,0.0
540,L25,1,1,0,1,421.6666666666666,0.0,10.0
540,L26,1,1,1,0,718.3333333333335,120.0,25.0
540,L261,1,1,0,0,278.33333333333326,120.0,0.0
540,L262,1,1,0,0,718.3333333333335,300.0,30.0
540,L27,1,1,0,0,1162.5,90.0,30.0
540,L28,1,1,0,0,248.33333333333326,120.0,0.0
540,L29,2,0,0,0,146.66666666666666,0.0,30.0
540,L3,2,1,0,1,953.3333333333335,300.0,70.0
540,L30,1,1,0,0,825.0000000000002,150.0,15.0
540,L33,1,1,0,1,418.33333333333326,0.0,10.0
540,L332,1,1,0,0,0.0,0.0,0.0
540,L35,1,1,0,0,445.0,0.0,0.0
540,L36,1,1,0,2,831.6666666666669,150.0,35.0
540,L38,1,1,0,0,133.33333333333331,90.0,0.0
540,L39,1,1,0,0,131.66666666666666,0.0,0.0
540,L4,1,3,3,2,1935.0000000000005,180.0,170.0
540,L40,1,1,0,0,0.0,0.0,0.0
540,L41,1,1,0,0,0.0,0.0,0.0
540,L43,1,1,0,0,289.16666666666663,30.0,0.0
540,L44,1,1,0,1,263.3333333333333,180.0,10.0
540,L441,1,1,0,0,679.166666666667,240.0,0.0
540,L45,1,1,0,0,291.6666666666667,0.0,0.0
540,L5,1,1,3,6,1360.833333333333,30.0,105.0
540,L6,5,1,12,0,3255.8333333333317,390.0,195.0
540,L66,4,2,2,9,3023.333333333335,120.0,125.0
540,L7,3,1,7,5,1696.666666666666,180.0,225.0
540,L9,5,1,19,5,2684.999999999999,180.0,345.0
540,251,1,1,0,0,356.6666666666666,0.0,0.0
540,BRT1,0,0,0,0,0.0,0.0,0.0
600,L1,3,4,0,2,5583.333333333329,1290.0,95.0
600,L10,2,3,1,2,2660.000000000001,120.0,120.0
600,L11,3,5,8,0,5266.666666666666,300.0,170.0
600,L12,1,1,0,0,1794.999999999999,360.0,15.0
600,L13,4,1,5,0,2704.166666666665,210.0,65.0
600,L14,2,2,0,3,2586.666666666666,150.0,75.0
600,L15,1,2,0,0,3093.333333333331,720.0,15.0
600,L16,2,3,3,5,1986.6666666666665,720.0,230.0
600,L17,1,2,1,3,1568.333333333333,210.0,100.0
600,L18,8,0,8,0,3123.333333333334,180.0,215.0
600,L19,1,1,0,0,1902.4999999999982,390.0,0.0
600,L2,1,1,1,1,2553.333333333334,0.0,95.0
600,L20,4,2,10,7,2251.666666666666,90.0,245.0
600,L21,1,1,2,1,633.3333333333333,0.0,120.0
600,L22,1,1,1,0,844.1666666666672,120.0,40.0
600,L23,1,1,0,0,656.6666666666667,330.0,30.0
600,L24,1,1,0,0,526.6666666666667,0.0,0.0
600,L25,1,1,0,0,513.3333333333331,0.0,15.0
600,L26,1,1,1,0,773.3333333333336,150.0,25.0
600,L261,1,1,0,0,293.33333333333326,120.0,0.0
600,L262,1,1,0,0,783.3333333333336,330.0,30.0
600,L27,1,1,0,0,1299.9999999999995,90.0,30.0
600,L28,1,1,0,1,283.33333333333326,120.0,10.0
600,L29,2,0,0,0,208.33333333333334,0.0,30.0
600,L3,2,1,0,1,1107.5000000000002,330.0,70.0
600,L30,1,1,0,1,998.3333333333335,150.0,25.0
600,L33,1,1,0,1,520.0,30.0,10.0
600,L332,0,2,0,0,0.0,0.0,0.0
600,L35,1,1,0,0,475.0,0.0,0.0
600,L36,1,1,0,2,896.666666666667,150.0,35.0
600,L38,1,1,0,0,133.33333333333331,90.0,0.0
600,L39,1,1,0,0,131.66666666666666,0.0,0.0
600,L4,2,2,4,2,2140.0,240.0,195.0
600,L40,1,1,0,0,0.0,0.0,0.0
600,L41,1,1,0,0,0.0,0.0,0.0
600,L43,1,1,0,0,289.16666666666663,30.0,0.0
600,L44,1,1,0,1,401.6666666666665,210.0,10.0
600,L441,1,1,0,0,714.166666666667,330.0,0.0
600,L45,1,1,0,0,291.6666666666667,0.0,0.0
600,L5,1,1,2,6,1534.999999999999,30.0,110.0
600,L6,5,1,14,0,3828.333333333331,450.0,230.0
600,L66,3,3,3,8,3270.8333333333344,120.0,185.0
600,L7,3,1,7,1,2006.6666666666656,180.0,245.0
600,L9,5,1,26,8,3182.499999999999,180.0,505.0
600,251,1,1,0,0,376.6666666666666,0.0,0.0
600,BRT1,0,0,0,0,0.0,0.0,0.0
660,L1,1,6,0,2,6234.9999999999945,1530.0,95.0
660,L10,2,3,1,2,3005.0000000000005,120.0,135.0
660,L11,2,6,2,0,5939.999999999998,420.0,215.0
660,L12,1,1,0,0,1823.3333333333321,420.0,15.0
660,L13,4,1,6,1,3127.499999999999,210.0,85.0
660,L14,1,3,0,4,2916.666666666665,180.0,85.0
660,L15,1,2,0,0,3373.333333333331,810.0,15.0
660,L16,2,3,2,8,2046.6666666666665,750.0,265.0
660,L17,1,2,0,8,1753.333333333333,240.0,170.0
660,L18,7,1,9,0,3708.3333333333344,180.0,225.0
660,L19,1,1,0,0,2054.166666666665,420.0,0.0
660,L2,1,1,4,1,2598.333333333334,0.0,140.0
660,L20,4,2,8,10,2704.166666666666,120.0,300.0
660,L21,1,1,1,3,765.0000000000001,0.0,160.0
660,L22,1,1,2,0,927.5000000000002,150.0,50.0
660,L23,1,1,0,0,771.666666666667,420.0,30.0
660,L24,1,1,0,0,526.6666666666667,0.0,0.0
660,L25,1,1,0,0,603.3333333333331,0.0,15.0
660,L26,1,1,1,0,808.3333333333336,150.0,25.0
660,L261,1,1,0,0,328.33333333333326,120.0,0.0
660,L262,1,1,0,0,808.3333333333336,360.0,30.0
660,L27,1,1,1,1,1478.3333333333321,90.0,50.0
660,L28,1,1,0,1,303.33333333333326,120.0,10.0
660,L29,1,1,0,0,208.33333333333334,0.0,30.0
660,L3,2,1,0,1,1280.8333333333335,330.0,70.0
660,L30,1,1,0,0,1125.0000000000002,180.0,30.0
660,L33,1,1,0,1,644.1666666666666,30.0,10.0
660,L332,1,1,0,0,0.0,0.0,0.0
660,L35,1,1,0,0,490.0,0.0,0.0
660,L36,1,1,0,0,1056.6666666666672,210.0,45.0
660,L38,1,1,0,0,148.33333333333331,90.0,0.0
660,L39,1,1,0,0,131.66666666666666,0.0,0.0
660,L4,2,2,5,2,2481.6666666666665,300.0,205.0
660,L40,1,1,0,0,0.0,0.0,0.0
660,L41,1,1,0,0,0.0,0.0,0.0
660,L43,1,1,0,0,289.16666666666663,30.0,0.0
660,L44,1,1,0,0,583.3333333333335,240.0,15.0
660,L441,1,1,0,0,744.166666666667,330.0,0.0
660,L45,1,1,0,0,366.6666666666667,0.0,0.0
660,L5,1,1,2,5,1779.9999999999982,60.0,115.0
660,L6,5,1,14,0,4364.999999999996,510.0,275.0
660,L66,2,4,3,8,3611.6666666666674,120.0,185.0
660,L7,3,1,7,0,2128.333333333332,210.0,265.0
660,L9,5,1,30,4,3685.833333333332,210.0,670.0
660,251,1,1,0,0,454.9999999999999,0.0,0.0
660,BRT1,0,0,0,0,0.0,0.0,0.0
720,L1,1,6,2,2,6843.333333333327,1710.0,145.0
720,L10,1,4,0,3,3289.999999999999,120.0,150.0
720,L11,1,7,1,1,6474.999999999997,420.0,230.0
720,L12,1,1,0,1,1991.6666666666652,510.0,25.0
720,L13,4,1,5,2,3542.499999999998,270.0,145.0
720,L14,1,3,0,3,3199.999999999998,210.0,90.0
720,L15,1,2,1,0,3666.6666666666642,930.0,25.0
720,L16,1,4,0,9,2183.333333333333,810.0,300.0
720,L17,1,2,0,1,1918.3333333333326,270.0,205.0
720,L18,6,2,9,4,4240.833333333334,210.0,265.0
720,L19,1,1,0,0,2403.333333333333,450.0,0.0
720,L2,1,1,4,5,2926.6666666666697,0.0,195.0
720,L20,4,2,13,11,3054.166666666665,120.0,375.0
720,L21,1,1,1,4,833.3333333333335,0.0,170.0
720,L22,1,1,1,0,1054.9999999999998,150.0,55.0
720,L23,1,1,0,0,828.3333333333336,480.0,30.0
720,L24,1,1,0,1,531.6666666666667,0.0,10.0
720,L25,1,1,0,0,613.3333333333331,0.0,15.0
720,L26,1,1,1,0,833.3333333333336,150.0,25.0
720,L261,1,1,0,0,414.9999999999999,120.0,0.0
720,L262,1,1,0,0,853.3333333333336,360.0,30.0
720,L27,1,1,0,1,1543.3333333333321,90.0,85.0
720,L28,1,1,0,2,429.9999999999999,120.0,20.0
720,L29,1,1,0,0,208.33333333333334,0.0,30.0
720,L3,3,0,4,0,1347.5000000000002,330.0,115.0
720,L30,1,1,0,0,1140.0000000000002,180.0,30.0
720,L33,1,1,0,0,719.1666666666667,30.0,15.0
720,L332,1,1,0,0,0.0,0.0,0.0
720,L35,1,1,0,0,535.0,0.0,0.0
720,L36,1,1,0,0,1126.6666666666672,210.0,45.0
720,L38,1,1,0,1,148.33333333333331,90.0,10.0
720,L39,1,1,0,0,131.66666666666666,0.0,0.0
720,L4,3,1,6,0,2723.3333333333326,300.0,255.0
720,L40,1,1,0,0,0.0,0.0,0.0
720,L41,1,1,0,0,0.0,0.0,0.0
720,L43,1,1,0,0,379.16666666666663,30.0,0.0
720,L44,1,1,0,0,615.0000000000002,270.0,15.0
720,L441,1,1,0,0,885.0000000000002,330.0,0.0
720,L45,1,1,0,0,411.6666666666667,0.0,0.0
720,L5,1,1,2,5,1913.3333333333312,60.0,115.0
720,L6,5,1,18,1,4967.499999999996,570.0,355.0
720,L66,1,5,1,7,3973.3333333333326,150.0,230.0
720,L7,3,1,9,0,2423.333333333332,240.0,285.0
720,L9,5,1,29,0,4158.333333333332,210.0,785.0
720,251,1,1,0,0,563.3333333333331,0.0,0.0
720,BRT1,0,0,0,0,0.0,0.0,0.0
780,L1,1,6,3,7,7323.3333333333285,1920.0,220.0
780,L10,1,4,0,5,3679.9999999999986,120.0,170.0
780,L11,2,6,2,1,7014.999999999996,420.0,255.0
780,L12,1,1,0,1,2214.9999999999986,510.0,25.0
780,L13,4,1,5,2,3920.8333333333308,330.0,190.0
780,L14,1,3,3,0,3534.9999999999973,270.0,135.0
780,L15,1,2,1,1,3981.666666666667,960.0,35.0
780,L16,1,4,0,8,2388.333333333333,870.0,350.0
780,L17,1,2,2,3,2118.333333333332,270.0,245.0
780,L18,6,2,7,9,4873.333333333333,270.0,340.0
780,L19,1,1,0,0,2573.3333333333335,510.0,0.0
780,L2,1,1,3,10,3403.3333333333367,0.0,250.0
780,L20,3,3,7,13,3374.166666666665,150.0,440.0
780,L21,1,1,3,7,888.3333333333335,0.0,220.0
780,L22,1,1,1,0,1081.6666666666663,150.0,55.0
780,L23,1,1,0,0,873.3333333333336,480.0,30.0
780,L24,1,1,1,0,603.3333333333335,0.0,70.0
780,L25,1,1,0,0,718.3333333333334,0.0,15.0
780,L26,1,1,1,0,878.3333333333336,150.0,25.0
780,L261,1,1,0,1,498.33333333333314,120.0,10.0
780,L262,1,1,0,0,878.3333333333336,360.0,30.0
780,L27,1,1,0,0,1739.9999999999986,90.0,90.0
780,L28,1,1,3,0,586.6666666666666,150.0,60.0
780,L29,1,1,0,0,223.33333333333334,0.0,30.0
780,L3,2,1,9,0,1517.5000000000005,330.0,165.0
780,L30,1,1,0,1,1293.333333333333,210.0,40.0
780,L33,1,1,0,0,762.5000000000002,30.0,15.0
780,L332,1,1,0,0,0.0,0.0,0.0
780,L35,1,1,0,2,535.0,0.0,20.0
780,L36,1,1,0,0,1166.666666666667,240.0,45.0
780,L38,1,1,0,1,188.33333333333331,120.0,25.0
780,L39,1,1,0,0,131.66666666666666,0.0,0.0
780,L4,3,1,4,3,3071.6666666666647,300.0,310.0
780,L40,1,1,0,0,0.0,0.0,0.0
780,L41,1,1,0,0,0.0,0.0,0.0
780,L43,1,1,0,0,399.16666666666663,30.0,30.0
780,L44,1,1,0,0,698.3333333333337,300.0,15.0
780,L441,1,1,0,1,916.6666666666669,360.0,10.0
780,L45,1,1,0,0,431.6666666666667,0.0,0.0
780,L5,1,1,7,2,2003.3333333333312,60.0,195.0
780,L6,5,1,23,7,5305.833333333329,720.0,510.0
780,L66,1,5,0,8,4404.999999999998,210.0,275.0
780,L7,3,1,7,2,2711.6666666666642,240.0,360.0
780,L9,5,1,33,1,4569.999999999999,240.0,925.0
780,251,1,1,0,0,603.3333333333331,0.0,0.0
780,BRT1,0,0,0,0,0.0,0.0,0.0
840,L1,2,5,4,6,7844.999999999995,2100.0,265.0
840,L10,1,4,2,7,4021.6666666666647,120.0,255.0
840,L11,3,5,3,1,7516.666666666663,450.0,265.0
840,L12,1,1,0,0,2349.9999999999986,510.0,30.0
840,L13,4,1,4,2,4255.83333333333,360.0,210.0
840,L14,1,3,5,1,3896.6666666666633,270.0,165.0
840,L15,2,1,0,1,4271.666666666669,1050.0,40.0
840,L16,1,4,6,10,2548.333333333333,930.0,490.0
840,L17,1,2,3,4,2408.333333333331,390.0,280.0
840,L18,5,3,5,11,5544.999999999999,300.0,430.0
840,L19,1,1,0,0,2836.666666666668,510.0,0.0
840,L2,1,1,3,11,3745.0000000000055,0.0,260.0
840,L20,3,3,7,16,3703.333333333331,210.0,485.0
840,L21,1,1,3,7,923.3333333333335,0.0,235.0
840,L22,1,1,0,0,1123.3333333333328,150.0,60.0
840,L23,1,1,0,0,983.3333333333336,480.0,30.0
840,L24,1,1,1,0,608.3333333333335,0.0,70.0
840,L25,1,1,0,0,718.3333333333334,0.0,15.0
840,L26,1,1,1,0,991.6666666666672,150.0,25.0
840,L261,1,1,0,0,651.6666666666667,240.0,15.0
840,L262,1,1,0,1,1016.6666666666672,360.0,40.0
840,L27,1,1,0,0,1908.3333333333312,90.0,90.0
840,L28,1,1,0,0,713.3333333333335,150.0,75.0
840,L29,1,1,0,0,223.33333333333334,0.0,30.0
840,L3,2,1,9,0,1689.166666666667,390.0,165.0
840,L30,1,1,3,1,1399.9999999999995,270.0,70.0
840,L33,1,1,0,0,802.5,60.0,15.0
840,L332,1,1,0,0,0.0,0.0,0.0
840,L35,0,2,0,4,558.3333333333333,0.0,55.0
840,L36,1,1,0,0,1166.666666666667,240.0,45.0
840,L38,1,1,0,1,265.0,120.0,25.0
840,L39,1,1,0,0,131.66666666666666,0.0,0.0
840,L4,2,2,5,2,3381.6666666666642,300.0,355.0
840,L40,1,1,0,0,0.0,0.0,0.0
840,L41,1,1,0,0,0.0,0.0,0.0
840,L43,1,1,0,0,515.8333333333333,30.0,30.0
840,L44,1,1,0,0,728.3333333333337,300.0,15.0
840,L441,1,1,0,1,986.666666666667,390.0,10.0
840,L45,1,1,0,0,431.6666666666667,0.0,0.0
840,L5,1,1,9,11,2169.9999999999986,60.0,320.0
840,L6,4,2,21,10,5813.333333333329,720.0,595.0
840,L66,1,5,3,5,4881.666666666663,210.0,365.0
840,L7,2,2,14,2,2903.333333333331,270.0,445.0
840,L9,5,1,39,6,5103.333333333333,300.0,1050.0
840,251,1,1,0,0,643.3333333333331,0.0,0.0
840,BRT1,0,0,0,0,0.0,0.0,0.0
